video_id,insightTrafficSourceType,views
54JEwNwtxWk,NO_LINK_OTHER,33.0
54JEwNwtxWk,SUBSCRIBER,927.0
54JEwNwtxWk,YT_CHANNEL,19.0
54JEwNwtxWk,YT_SEARCH,20.0
54JEwNwtxWk,RELATED_VIDEO,27.0
54JEwNwtxWk,YT_OTHER_PAGE,4.0
54JEwNwtxWk,EXT_URL,19.0
54JEwNwtxWk,NOTIFICATION,27.0
wDY1l7dgqYw,NO_LINK_OTHER,0
wDY1l7dgqYw,SUBSCRIBER,209.0
wDY1l7dgqYw,YT_CHANNEL,16.0
wDY1l7dgqYw,YT_SEARCH,10.0
wDY1l7dgqYw,RELATED_VIDEO,3.0
wDY1l7dgqYw,YT_OTHER_PAGE,13.0
wDY1l7dgqYw,EXT_URL,9.0
wDY1l7dgqYw,NOTIFICATION,72.0
wDY1l7dgqYw,SHORTS,355.0
yyRvOG6BQV4,NO_LINK_OTHER,51.0
yyRvOG6BQV4,SUBSCRIBER,3073.0
yyRvOG6BQV4,YT_CHANNEL,72.0
yyRvOG6BQV4,YT_SEARCH,52.0
yyRvOG6BQV4,RELATED_VIDEO,145.0
yyRvOG6BQV4,YT_OTHER_PAGE,49.0
yyRvOG6BQV4,EXT_URL,197.0
yyRvOG6BQV4,PLAYLIST,3.0
yyRvOG6BQV4,NOTIFICATION,57.0
4HGNcxt7ZaQ,NO_LINK_OTHER,126.0
4HGNcxt7ZaQ,SUBSCRIBER,5131.0
4HGNcxt7ZaQ,YT_CHANNEL,232.0
4HGNcxt7ZaQ,YT_SEARCH,90.0
4HGNcxt7ZaQ,RELATED_VIDEO,94.0
4HGNcxt7ZaQ,YT_OTHER_PAGE,50.0
4HGNcxt7ZaQ,EXT_URL,183.0
4HGNcxt7ZaQ,PLAYLIST,3.0
4HGNcxt7ZaQ,NOTIFICATION,46.0
J0iuzSLBRqY,NO_LINK_OTHER,40.0
J0iuzSLBRqY,SUBSCRIBER,2826.0
J0iuzSLBRqY,YT_CHANNEL,147.0
J0iuzSLBRqY,YT_SEARCH,147.0
J0iuzSLBRqY,RELATED_VIDEO,211.0
J0iuzSLBRqY,YT_OTHER_PAGE,38.0
J0iuzSLBRqY,EXT_URL,211.0
J0iuzSLBRqY,PLAYLIST,2.0
J0iuzSLBRqY,NOTIFICATION,63.0
J0iuzSLBRqY,SHORTS,4.0
J0iuzSLBRqY,SHORTS_CONTENT_LINKS,2.0
bN1-YXwOIsk,NO_LINK_OTHER,12.0
bN1-YXwOIsk,SUBSCRIBER,1096.0
bN1-YXwOIsk,YT_CHANNEL,151.0
bN1-YXwOIsk,YT_SEARCH,17.0
bN1-YXwOIsk,RELATED_VIDEO,21.0
bN1-YXwOIsk,YT_OTHER_PAGE,15.0
bN1-YXwOIsk,EXT_URL,25.0
bN1-YXwOIsk,PLAYLIST,1.0
bN1-YXwOIsk,NOTIFICATION,40.0
-qVGyv02LnY,NO_LINK_OTHER,1.0
-qVGyv02LnY,SUBSCRIBER,471.0
-qVGyv02LnY,YT_CHANNEL,83.0
-qVGyv02LnY,YT_SEARCH,79.0
-qVGyv02LnY,RELATED_VIDEO,4.0
-qVGyv02LnY,YT_OTHER_PAGE,26.0
-qVGyv02LnY,EXT_URL,43.0
-qVGyv02LnY,PLAYLIST,2.0
-qVGyv02LnY,NOTIFICATION,37.0
-qVGyv02LnY,SHORTS,1025.0
BazFwnrnHww,NO_LINK_OTHER,1.0
BazFwnrnHww,SUBSCRIBER,844.0
BazFwnrnHww,YT_CHANNEL,115.0
BazFwnrnHww,YT_SEARCH,220.0
BazFwnrnHww,RELATED_VIDEO,4.0
BazFwnrnHww,YT_OTHER_PAGE,59.0
BazFwnrnHww,EXT_URL,34.0
BazFwnrnHww,PLAYLIST,2.0
BazFwnrnHww,NOTIFICATION,36.0
BazFwnrnHww,SHORTS,1283.0
Z2_z0HssrQo,NO_LINK_OTHER,1222.0
Z2_z0HssrQo,SUBSCRIBER,82427.0
Z2_z0HssrQo,YT_CHANNEL,1105.0
Z2_z0HssrQo,YT_SEARCH,1290.0
Z2_z0HssrQo,RELATED_VIDEO,811.0
Z2_z0HssrQo,YT_OTHER_PAGE,374.0
Z2_z0HssrQo,EXT_URL,1584.0
Z2_z0HssrQo,PLAYLIST,56.0
Z2_z0HssrQo,NOTIFICATION,95.0
Z2_z0HssrQo,SHORTS_CONTENT_LINKS,20.0
FBhXSruOoHk,NO_LINK_OTHER,1.0
FBhXSruOoHk,SUBSCRIBER,521.0
FBhXSruOoHk,YT_CHANNEL,135.0
FBhXSruOoHk,YT_SEARCH,280.0
FBhXSruOoHk,RELATED_VIDEO,13.0
FBhXSruOoHk,YT_OTHER_PAGE,53.0
FBhXSruOoHk,EXT_URL,13.0
FBhXSruOoHk,NOTIFICATION,49.0
FBhXSruOoHk,SHORTS,1294.0
yCI8ZCJ1Q2I,NO_LINK_OTHER,1.0
yCI8ZCJ1Q2I,SUBSCRIBER,1335.0
yCI8ZCJ1Q2I,YT_CHANNEL,175.0
yCI8ZCJ1Q2I,YT_SEARCH,201.0
yCI8ZCJ1Q2I,RELATED_VIDEO,18.0
yCI8ZCJ1Q2I,YT_OTHER_PAGE,79.0
yCI8ZCJ1Q2I,EXT_URL,19.0
yCI8ZCJ1Q2I,PLAYLIST,1.0
yCI8ZCJ1Q2I,NOTIFICATION,65.0
yCI8ZCJ1Q2I,SHORTS,1455.0
yCI8ZCJ1Q2I,HASHTAGS,22.0
yCI8ZCJ1Q2I,SOUND_PAGE,1.0
isVEfRLvFiE,NO_LINK_OTHER,230.0
isVEfRLvFiE,SUBSCRIBER,8011.0
isVEfRLvFiE,YT_CHANNEL,519.0
isVEfRLvFiE,YT_SEARCH,635.0
isVEfRLvFiE,RELATED_VIDEO,572.0
isVEfRLvFiE,YT_OTHER_PAGE,190.0
isVEfRLvFiE,EXT_URL,885.0
isVEfRLvFiE,PLAYLIST,11.0
isVEfRLvFiE,NOTIFICATION,67.0
Fv8HbB3_MkI,NO_LINK_OTHER,34.0
Fv8HbB3_MkI,SUBSCRIBER,2271.0
Fv8HbB3_MkI,YT_CHANNEL,217.0
Fv8HbB3_MkI,YT_SEARCH,46.0
Fv8HbB3_MkI,RELATED_VIDEO,31.0
Fv8HbB3_MkI,YT_OTHER_PAGE,29.0
Fv8HbB3_MkI,EXT_URL,52.0
Fv8HbB3_MkI,PLAYLIST,2.0
Fv8HbB3_MkI,NOTIFICATION,31.0
HYX2p_pChso,NO_LINK_OTHER,0
HYX2p_pChso,SUBSCRIBER,186.0
HYX2p_pChso,YT_CHANNEL,58.0
HYX2p_pChso,YT_SEARCH,94.0
HYX2p_pChso,YT_OTHER_PAGE,13.0
HYX2p_pChso,EXT_URL,45.0
HYX2p_pChso,NOTIFICATION,50.0
HYX2p_pChso,SHORTS,388.0
YO7lMaqjy1A,NO_LINK_OTHER,44.0
YO7lMaqjy1A,SUBSCRIBER,1544.0
YO7lMaqjy1A,YT_CHANNEL,76.0
YO7lMaqjy1A,YT_SEARCH,38.0
YO7lMaqjy1A,RELATED_VIDEO,30.0
YO7lMaqjy1A,YT_OTHER_PAGE,25.0
YO7lMaqjy1A,EXT_URL,254.0
YO7lMaqjy1A,PLAYLIST,3.0
YO7lMaqjy1A,NOTIFICATION,51.0
YO7lMaqjy1A,SHORTS,1.0
gpemsZDlfQg,NO_LINK_OTHER,0
gpemsZDlfQg,SUBSCRIBER,180.0
gpemsZDlfQg,YT_CHANNEL,63.0
gpemsZDlfQg,YT_SEARCH,63.0
gpemsZDlfQg,YT_OTHER_PAGE,16.0
gpemsZDlfQg,EXT_URL,46.0
gpemsZDlfQg,NOTIFICATION,43.0
gpemsZDlfQg,SHORTS,1107.0
sJREVWUsDRY,NO_LINK_OTHER,22.0
sJREVWUsDRY,SUBSCRIBER,1488.0
sJREVWUsDRY,YT_CHANNEL,70.0
sJREVWUsDRY,YT_SEARCH,57.0
sJREVWUsDRY,RELATED_VIDEO,77.0
sJREVWUsDRY,YT_OTHER_PAGE,22.0
sJREVWUsDRY,EXT_URL,70.0
sJREVWUsDRY,NOTIFICATION,44.0
sJREVWUsDRY,SHORTS,1.0
sJREVWUsDRY,SHORTS_CONTENT_LINKS,3.0
Fe5DlqRh6pY,NO_LINK_OTHER,92.0
Fe5DlqRh6pY,SUBSCRIBER,4705.0
Fe5DlqRh6pY,YT_CHANNEL,214.0
Fe5DlqRh6pY,YT_SEARCH,153.0
Fe5DlqRh6pY,RELATED_VIDEO,171.0
Fe5DlqRh6pY,YT_OTHER_PAGE,77.0
Fe5DlqRh6pY,EXT_URL,292.0
Fe5DlqRh6pY,PLAYLIST,4.0
Fe5DlqRh6pY,NOTIFICATION,55.0
Fe5DlqRh6pY,SHORTS,2.0
93CssslGZvc,NO_LINK_OTHER,36.0
93CssslGZvc,SUBSCRIBER,2230.0
93CssslGZvc,YT_CHANNEL,68.0
93CssslGZvc,YT_SEARCH,45.0
93CssslGZvc,RELATED_VIDEO,66.0
93CssslGZvc,YT_OTHER_PAGE,24.0
93CssslGZvc,EXT_URL,7.0
93CssslGZvc,PLAYLIST,7.0
93CssslGZvc,NOTIFICATION,65.0
m7MuBIjW1J0,NO_LINK_OTHER,1.0
m7MuBIjW1J0,SUBSCRIBER,364.0
m7MuBIjW1J0,YT_CHANNEL,79.0
m7MuBIjW1J0,YT_SEARCH,77.0
m7MuBIjW1J0,RELATED_VIDEO,3.0
m7MuBIjW1J0,YT_OTHER_PAGE,50.0
m7MuBIjW1J0,EXT_URL,3.0
m7MuBIjW1J0,NOTIFICATION,50.0
m7MuBIjW1J0,SHORTS,750.0
o9lUtQVCB24,NO_LINK_OTHER,151.0
o9lUtQVCB24,SUBSCRIBER,4702.0
o9lUtQVCB24,YT_CHANNEL,207.0
o9lUtQVCB24,YT_SEARCH,120.0
o9lUtQVCB24,RELATED_VIDEO,110.0
o9lUtQVCB24,YT_OTHER_PAGE,70.0
o9lUtQVCB24,EXT_URL,345.0
o9lUtQVCB24,PLAYLIST,4.0
o9lUtQVCB24,NOTIFICATION,96.0
o9lUtQVCB24,SHORTS,1.0
o9lUtQVCB24,SHORTS_CONTENT_LINKS,4.0
aec7VvfhHTc,NO_LINK_OTHER,34.0
aec7VvfhHTc,ADVERTISING,14152.0
aec7VvfhHTc,SUBSCRIBER,1114.0
aec7VvfhHTc,YT_CHANNEL,377.0
aec7VvfhHTc,YT_SEARCH,29.0
aec7VvfhHTc,RELATED_VIDEO,57.0
aec7VvfhHTc,YT_OTHER_PAGE,14.0
aec7VvfhHTc,EXT_URL,11.0
aec7VvfhHTc,PLAYLIST,1.0
aec7VvfhHTc,NOTIFICATION,30.0
aec7VvfhHTc,SHORTS_CONTENT_LINKS,2.0
BcLpOEVh6C0,NO_LINK_OTHER,10.0
BcLpOEVh6C0,SUBSCRIBER,3603.0
BcLpOEVh6C0,YT_CHANNEL,305.0
BcLpOEVh6C0,YT_SEARCH,151.0
BcLpOEVh6C0,RELATED_VIDEO,15.0
BcLpOEVh6C0,YT_OTHER_PAGE,102.0
BcLpOEVh6C0,EXT_URL,17.0
BcLpOEVh6C0,PLAYLIST,6.0
BcLpOEVh6C0,NOTIFICATION,93.0
BcLpOEVh6C0,SHORTS,1216.0
9sO6n-KgZ5k,NO_LINK_OTHER,0
9sO6n-KgZ5k,SUBSCRIBER,99.0
9sO6n-KgZ5k,YT_CHANNEL,64.0
9sO6n-KgZ5k,YT_SEARCH,28.0
9sO6n-KgZ5k,YT_OTHER_PAGE,6.0
9sO6n-KgZ5k,NOTIFICATION,26.0
9sO6n-KgZ5k,SHORTS,317.0
bwaS35fv0Ew,NO_LINK_OTHER,39.0
bwaS35fv0Ew,SUBSCRIBER,1696.0
bwaS35fv0Ew,YT_CHANNEL,66.0
bwaS35fv0Ew,YT_SEARCH,30.0
bwaS35fv0Ew,RELATED_VIDEO,56.0
bwaS35fv0Ew,YT_OTHER_PAGE,28.0
bwaS35fv0Ew,EXT_URL,282.0
bwaS35fv0Ew,PLAYLIST,1.0
bwaS35fv0Ew,NOTIFICATION,57.0
fUPQosw2JW0,NO_LINK_OTHER,0
fUPQosw2JW0,SUBSCRIBER,117.0
fUPQosw2JW0,YT_CHANNEL,54.0
fUPQosw2JW0,YT_SEARCH,34.0
fUPQosw2JW0,RELATED_VIDEO,1.0
fUPQosw2JW0,YT_OTHER_PAGE,7.0
fUPQosw2JW0,EXT_URL,40.0
fUPQosw2JW0,NOTIFICATION,45.0
fUPQosw2JW0,SHORTS,135.0
vizWEvEJfCY,NO_LINK_OTHER,59.0
vizWEvEJfCY,SUBSCRIBER,1745.0
vizWEvEJfCY,YT_CHANNEL,58.0
vizWEvEJfCY,YT_SEARCH,29.0
vizWEvEJfCY,RELATED_VIDEO,45.0
vizWEvEJfCY,YT_OTHER_PAGE,32.0
vizWEvEJfCY,EXT_URL,96.0
vizWEvEJfCY,PLAYLIST,1.0
vizWEvEJfCY,NOTIFICATION,83.0
ieY3qWWM314,NO_LINK_OTHER,0
ieY3qWWM314,SUBSCRIBER,194.0
ieY3qWWM314,YT_CHANNEL,34.0
ieY3qWWM314,YT_SEARCH,28.0
ieY3qWWM314,RELATED_VIDEO,1.0
ieY3qWWM314,YT_OTHER_PAGE,12.0
ieY3qWWM314,EXT_URL,38.0
ieY3qWWM314,NOTIFICATION,28.0
ieY3qWWM314,SHORTS,257.0
Mkn1AWEo6Oo,NO_LINK_OTHER,0
Mkn1AWEo6Oo,SUBSCRIBER,132.0
Mkn1AWEo6Oo,YT_CHANNEL,29.0
Mkn1AWEo6Oo,YT_SEARCH,34.0
Mkn1AWEo6Oo,YT_OTHER_PAGE,19.0
Mkn1AWEo6Oo,EXT_URL,36.0
Mkn1AWEo6Oo,NOTIFICATION,37.0
Mkn1AWEo6Oo,SHORTS,1087.0
FojCezLmHIc,NO_LINK_OTHER,17.0
FojCezLmHIc,SUBSCRIBER,1483.0
FojCezLmHIc,YT_CHANNEL,45.0
FojCezLmHIc,YT_SEARCH,85.0
FojCezLmHIc,RELATED_VIDEO,34.0
FojCezLmHIc,YT_OTHER_PAGE,20.0
FojCezLmHIc,EXT_URL,83.0
FojCezLmHIc,PLAYLIST,1.0
FojCezLmHIc,NOTIFICATION,50.0
FojCezLmHIc,SHORTS_CONTENT_LINKS,1.0
AaA8RK9-Pf4,NO_LINK_OTHER,10.0
AaA8RK9-Pf4,SUBSCRIBER,772.0
AaA8RK9-Pf4,YT_CHANNEL,78.0
AaA8RK9-Pf4,YT_SEARCH,12.0
AaA8RK9-Pf4,RELATED_VIDEO,3.0
AaA8RK9-Pf4,YT_OTHER_PAGE,7.0
AaA8RK9-Pf4,EXT_URL,8.0
AaA8RK9-Pf4,PLAYLIST,3.0
AaA8RK9-Pf4,NOTIFICATION,28.0
Gj-LdVgTL74,NO_LINK_OTHER,58.0
Gj-LdVgTL74,SUBSCRIBER,2933.0
Gj-LdVgTL74,YT_CHANNEL,55.0
Gj-LdVgTL74,YT_SEARCH,74.0
Gj-LdVgTL74,RELATED_VIDEO,74.0
Gj-LdVgTL74,YT_OTHER_PAGE,43.0
Gj-LdVgTL74,EXT_URL,245.0
Gj-LdVgTL74,PLAYLIST,4.0
Gj-LdVgTL74,NOTIFICATION,70.0
Gj-LdVgTL74,SHORTS,2.0
MK5YtrPMrWQ,NO_LINK_OTHER,0
MK5YtrPMrWQ,SUBSCRIBER,109.0
MK5YtrPMrWQ,YT_CHANNEL,41.0
MK5YtrPMrWQ,YT_SEARCH,68.0
MK5YtrPMrWQ,YT_OTHER_PAGE,8.0
MK5YtrPMrWQ,EXT_URL,39.0
MK5YtrPMrWQ,PLAYLIST,1.0
MK5YtrPMrWQ,NOTIFICATION,50.0
MK5YtrPMrWQ,SHORTS,310.0
BUiwu47RH84,NO_LINK_OTHER,53.0
BUiwu47RH84,SUBSCRIBER,1514.0
BUiwu47RH84,YT_CHANNEL,65.0
BUiwu47RH84,YT_SEARCH,20.0
BUiwu47RH84,RELATED_VIDEO,41.0
BUiwu47RH84,YT_OTHER_PAGE,23.0
BUiwu47RH84,EXT_URL,70.0
BUiwu47RH84,PLAYLIST,2.0
BUiwu47RH84,NOTIFICATION,50.0
BUiwu47RH84,SHORTS,2.0
BUiwu47RH84,SHORTS_CONTENT_LINKS,1.0
zB61D7qZzdo,NO_LINK_OTHER,0
zB61D7qZzdo,SUBSCRIBER,223.0
zB61D7qZzdo,YT_CHANNEL,34.0
zB61D7qZzdo,YT_SEARCH,16.0
zB61D7qZzdo,YT_OTHER_PAGE,23.0
zB61D7qZzdo,EXT_URL,5.0
zB61D7qZzdo,PLAYLIST,1.0
zB61D7qZzdo,NOTIFICATION,12.0
zB61D7qZzdo,SHORTS,462.0
qfD7S1D5HQQ,NO_LINK_OTHER,1.0
qfD7S1D5HQQ,SUBSCRIBER,80.0
qfD7S1D5HQQ,YT_CHANNEL,46.0
qfD7S1D5HQQ,YT_SEARCH,23.0
qfD7S1D5HQQ,YT_OTHER_PAGE,2.0
qfD7S1D5HQQ,EXT_URL,2.0
qfD7S1D5HQQ,NOTIFICATION,46.0
qfD7S1D5HQQ,SHORTS,125.0
IeWAaD3ZTXw,NO_LINK_OTHER,52.0
IeWAaD3ZTXw,SUBSCRIBER,1863.0
IeWAaD3ZTXw,YT_CHANNEL,51.0
IeWAaD3ZTXw,YT_SEARCH,57.0
IeWAaD3ZTXw,RELATED_VIDEO,40.0
IeWAaD3ZTXw,YT_OTHER_PAGE,29.0
IeWAaD3ZTXw,EXT_URL,106.0
IeWAaD3ZTXw,PLAYLIST,1.0
IeWAaD3ZTXw,NOTIFICATION,53.0
IeWAaD3ZTXw,SHORTS,1.0
IeWAaD3ZTXw,SHORTS_CONTENT_LINKS,1.0
CEObm9Fv9co,NO_LINK_OTHER,1.0
CEObm9Fv9co,SUBSCRIBER,260.0
CEObm9Fv9co,YT_CHANNEL,62.0
CEObm9Fv9co,YT_SEARCH,360.0
CEObm9Fv9co,YT_OTHER_PAGE,14.0
CEObm9Fv9co,EXT_URL,9.0
CEObm9Fv9co,NOTIFICATION,56.0
CEObm9Fv9co,SHORTS,292.0
0MNE_inIGXU,NO_LINK_OTHER,1.0
0MNE_inIGXU,SUBSCRIBER,147.0
0MNE_inIGXU,YT_CHANNEL,38.0
0MNE_inIGXU,YT_SEARCH,38.0
0MNE_inIGXU,RELATED_VIDEO,2.0
0MNE_inIGXU,YT_OTHER_PAGE,34.0
0MNE_inIGXU,EXT_URL,49.0
0MNE_inIGXU,NOTIFICATION,42.0
0MNE_inIGXU,SHORTS,1098.0
0MNE_inIGXU,SOUND_PAGE,1.0
Rz6dxno88NY,NO_LINK_OTHER,97.0
Rz6dxno88NY,SUBSCRIBER,4374.0
Rz6dxno88NY,YT_CHANNEL,217.0
Rz6dxno88NY,YT_SEARCH,229.0
Rz6dxno88NY,RELATED_VIDEO,183.0
Rz6dxno88NY,YT_OTHER_PAGE,91.0
Rz6dxno88NY,EXT_URL,273.0
Rz6dxno88NY,PLAYLIST,4.0
Rz6dxno88NY,NOTIFICATION,69.0
Rz6dxno88NY,SHORTS,1.0
uIV_HWFfVYM,NO_LINK_OTHER,0
uIV_HWFfVYM,SUBSCRIBER,93.0
uIV_HWFfVYM,YT_CHANNEL,47.0
uIV_HWFfVYM,YT_SEARCH,39.0
uIV_HWFfVYM,YT_OTHER_PAGE,6.0
uIV_HWFfVYM,EXT_URL,40.0
uIV_HWFfVYM,NOTIFICATION,34.0
uIV_HWFfVYM,SHORTS,868.0
HuwZoWLdSOg,NO_LINK_OTHER,12.0
HuwZoWLdSOg,SUBSCRIBER,397.0
HuwZoWLdSOg,YT_CHANNEL,96.0
HuwZoWLdSOg,YT_SEARCH,9.0
HuwZoWLdSOg,RELATED_VIDEO,9.0
HuwZoWLdSOg,YT_OTHER_PAGE,13.0
HuwZoWLdSOg,EXT_URL,54.0
HuwZoWLdSOg,PLAYLIST,8.0
HuwZoWLdSOg,NOTIFICATION,20.0
EwPqE-5nLbM,NO_LINK_OTHER,3.0
EwPqE-5nLbM,SUBSCRIBER,108.0
EwPqE-5nLbM,YT_CHANNEL,73.0
EwPqE-5nLbM,YT_SEARCH,8.0
EwPqE-5nLbM,YT_OTHER_PAGE,4.0
EwPqE-5nLbM,NOTIFICATION,3.0
7NptBkx71bw,NO_LINK_OTHER,0
7NptBkx71bw,SUBSCRIBER,37.0
7NptBkx71bw,YT_CHANNEL,17.0
7NptBkx71bw,YT_SEARCH,9.0
7NptBkx71bw,RELATED_VIDEO,6.0
7NptBkx71bw,NOTIFICATION,3.0
BDWpYYEFpFs,NO_LINK_OTHER,0
BDWpYYEFpFs,SUBSCRIBER,70.0
BDWpYYEFpFs,YT_CHANNEL,50.0
BDWpYYEFpFs,YT_SEARCH,42.0
BDWpYYEFpFs,RELATED_VIDEO,1.0
BDWpYYEFpFs,YT_OTHER_PAGE,6.0
BDWpYYEFpFs,EXT_URL,13.0
BDWpYYEFpFs,NOTIFICATION,4.0
BDWpYYEFpFs,SHORTS,24.0
