video_id,title,published_at,duration_sec,content_type,content_type_source,url,views_total,likes_total,comments_total,thumbnail_impressions,thumbnail_ctr,views_first2d,views_first7d,views_first28d,first7d_vs_median,win_views,win_minutes_watched,win_avg_view_duration_sec,win_avg_view_pct,win_subs_gained,win_subs_per_1k_views,win_paid_views,win_organic_views,win_shorts_referred_views,win_traffic_total_views,ad_data_status,pct_views_nonsubscriber,ret_10pct,ret_50pct,ret_90pct,relative_retention_avg
rMbqIb-92HY,【Day2】Never End Until Finish the story!/ クリアするまで終われません！【SILENT HILL town fall】 #silenthilltownfall,2026-09-26T13:28:41Z,42876,LIVE_STREAM,heuristic,https://www.youtube.com/watch?v=rMbqIb-92HY,3837,143,0,,,,,,,,,,,,,,,,,not_checked,,,,,
TURh8YrGyxE,【Day2.5】Never End Until Finish the story!/ クリアするまで終われません！【SILENT HILL town fall】 #silenthilltownfall,2026-09-26T12:56:19Z,0,LIVE_STREAM,heuristic,https://www.youtube.com/watch?v=TURh8YrGyxE,331,52,0,,,,,,,,,,,,,,,,,not_checked,,,,,
Vlm5swy19KE,Do squats if I scream😱 #silenthilltownfall,2026-09-25T22:00:19Z,61,SHORTS,heuristic,https://www.youtube.com/watch?v=Vlm5swy19KE,634,58,6,,,,,,,,,,,,,,,,,not_checked,,,,,
scst5iIhL-E,【Day1】Finish it in 2 days!/ 2日間でクリアする！【SILENT HILL town fall】 #silenthilltownfall,2026-09-25T07:40:10Z,19556,LIVE_STREAM,heuristic,https://www.youtube.com/watch?v=scst5iIhL-E,3948,161,7,,,,,,,,,,,,,,,,,not_checked,,,,,
HwEq0wbFry4,If Horror game Villains team up in Wrestling!? #cosplay,2026-09-25T00:12:02Z,26,SHORTS,heuristic,https://www.youtube.com/watch?v=HwEq0wbFry4,1278,28,5,,,,,,,,,,,,,0,0,0,0,ok,,,,,
54JEwNwtxWk,“I’m Speechless…” A Pro Wrestler Experiences STRANGER THAN HEAVEN | TGS 2026 #Shidatube,2026-09-24T02:00:35Z,605,VIDEO_ON_DEMAND,heuristic,https://www.youtube.com/watch?v=54JEwNwtxWk,3816,110,17,,,1076.0,,,,1076,1231,164,27.229999999999997,0,0.0,0,1076.0,0,1076.0,ok,,0.39770000000000005,0.2682,0.2386,0.446
wDY1l7dgqYw,Any advice wanted!! #apex,2026-09-23T22:22:29Z,66,SHORTS,heuristic,https://www.youtube.com/watch?v=wDY1l7dgqYw,1038,98,7,,,687.0,,,,687,221,32,49.04,0,0.0,0,687.0,355.0,687.0,ok,,0.883,0.44530000000000003,0.2977,0.569
yyRvOG6BQV4,I'm home America! from TGS2026/ ゲームショウから帰ってきました！ #tgs2026,2026-09-23T20:05:01Z,6556,LIVE_STREAM,heuristic,https://www.youtube.com/watch?v=yyRvOG6BQV4,4138,140,4,,,1577.0,,,,3703,8552,343,5.25,8,2.16,0,3699.0,0,3699.0,ok,,0.042,0.0252,0.0336,0.619
4HGNcxt7ZaQ,"A Pro Wrestler Asks! Takeshita, SEGA Insiders & Fans on Why They Love Yakuza Kiwami! #yakuza ",2026-09-22T01:49:20Z,569,VIDEO_ON_DEMAND,heuristic,https://www.youtube.com/watch?v=4HGNcxt7ZaQ,6519,209,22,,,5481.0,,,,5957,5626,132,23.25,11,1.85,0,5955.0,0,5955.0,ok,,0.4425,0.1893,0.1889,0.418
J0iuzSLBRqY,東京ゲームショウ感想会！ #TGS2026,2026-09-21T14:11:56Z,9126,LIVE_STREAM,heuristic,https://www.youtube.com/watch?v=J0iuzSLBRqY,3883,118,7,,,3547.0,,,,3692,7508,321,4.79,2,0.54,0,3691.0,4.0,3691.0,ok,,0.0675,0.0527,0.0264,0.619
bN1-YXwOIsk,Through a Pro Wrestler’s Eyes! | Yakuza Kiwami — Combat Edition,2026-09-21T14:03:03Z,2295,VIDEO_ON_DEMAND,heuristic,https://www.youtube.com/watch?v=bN1-YXwOIsk,1566,62,6,,,1320.0,,,,1378,1138,150,6.570000000000001,0,0.0,0,1378.0,0,1378.0,ok,,0.1074,0.0737,0.0632,0.519
-qVGyv02LnY,Cosplay Eating Challenge 🔥 #tgs2026,2026-09-21T02:59:47Z,51,SHORTS,heuristic,https://www.youtube.com/watch?v=-qVGyv02LnY,1899,115,15,,,1549.0,,,,1771,500,26,52.23,2,1.13,0,1771.0,1025.0,1771.0,ok,,1.0093,0.4474,0.2893,0.479
BazFwnrnHww,Kenny’s favorite character in YAKUZA series is… #kennyomega,2026-09-19T23:31:48Z,44,SHORTS,heuristic,https://www.youtube.com/watch?v=BazFwnrnHww,2808,169,7,,,1986.0,,,,2598,628,28,64.84,3,1.15,0,2598.0,1283.0,2598.0,ok,,1.0645,0.6507999999999999,0.4669,0.48
Z2_z0HssrQo,Kenny Omega Talks Yakuza Kiwami 1 & 2 and His Wembley Battle | TGS 2026 Interview,2026-09-19T13:12:07Z,541,VIDEO_ON_DEMAND,heuristic,https://www.youtube.com/watch?v=Z2_z0HssrQo,101377,1574,104,,,33065.0,,,,89003,68638,113,21.02,284,3.19,0,88984.0,0,88984.0,ok,,0.4132,0.1716,0.1253,0.369
FBhXSruOoHk,Totally smitten with the young Daito💕 #tgs2026,2026-09-18T21:57:53Z,33,SHORTS,heuristic,https://www.youtube.com/watch?v=FBhXSruOoHk,2471,96,5,,,1856.0,2359.0,,2.15,2359,341,17,53.29999999999999,0,0.0,0,2359.0,1294.0,2359.0,ok,,1.0212,0.475,0.2755,0.323
yCI8ZCJ1Q2I,Challenging karaoke with a song that every Japanese knows. #tgs2026,2026-09-17T23:09:22Z,25,SHORTS,heuristic,https://www.youtube.com/watch?v=yCI8ZCJ1Q2I,3459,248,11,,,2432.0,3372.0,,3.08,3372,529,17,71.2,1,0.3,0,3372.0,1455.0,3372.0,ok,,1.1107,0.7238,0.38689999999999997,0.43
isVEfRLvFiE,【ゲスト:朱里】日本最強女子レスラーは龍が如くを気に入るのか！？【龍が如く極2】 #yakuza,2026-09-17T13:25:07Z,7711,LIVE_STREAM,heuristic,https://www.youtube.com/watch?v=isVEfRLvFiE,11261,247,11,,,8561.0,11120.0,,5.26,11120,37426,406,5.28,23,2.07,0,11120.0,0,11120.0,ok,,0.1401,0.0902,0.0455,0.648
Fv8HbB3_MkI,Why We Love Yakuza Kiwami! | Story Edition #Shidatube,2026-09-16T22:00:08Z,2001,VIDEO_ON_DEMAND,heuristic,https://www.youtube.com/watch?v=Fv8HbB3_MkI,2739,55,6,,,2103.0,2697.0,,1.52,2713,2236,162,8.1,2,0.74,0,2713.0,0,2713.0,ok,,0.1523,0.0787,0.0562,0.422
HYX2p_pChso,What does this picture look like to you? #龍が如く,2026-09-15T22:00:29Z,76,SHORTS,heuristic,https://www.youtube.com/watch?v=HYX2p_pChso,852,41,6,,,611.0,802.0,,0.73,834,221,31,41.82,0,0.0,0,834.0,388.0,834.0,ok,,0.7626000000000001,0.35609999999999997,0.2803,0.588
YO7lMaqjy1A,Makeup of A monster from Silent Hill f/サイレントヒルｆの化け物メイク #TGS2026,2026-09-15T03:26:20Z,4726,LIVE_STREAM,heuristic,https://www.youtube.com/watch?v=YO7lMaqjy1A,2070,97,3,,,1722.0,2017.0,,0.95,2066,4923,310,6.570000000000001,1,0.48,0,2066.0,1.0,2066.0,ok,,0.0832,0.0649,0.0487,0.58
gpemsZDlfQg,I Could Cheat and Win… But I’m a Pro Wrestler.【Yakuza Kiwami 3】#Shidatube,2026-09-14T22:00:23Z,67,SHORTS,heuristic,https://www.youtube.com/watch?v=gpemsZDlfQg,1531,37,6,,,1313.0,1475.0,,1.35,1518,201,24,36.11,0,0.0,0,1518.0,1107.0,1518.0,ok,,,,,
sJREVWUsDRY,アイテムを当てろ！10秒お絵描きクイズ【龍が如く極3】#龍が如く,2026-09-13T13:29:50Z,8281,LIVE_STREAM,heuristic,https://www.youtube.com/watch?v=sJREVWUsDRY,1860,88,6,,,1700.0,1806.0,,0.85,1855,5127,436,5.27,1,0.54,0,1854.0,1.0,1854.0,ok,,,,,
Fe5DlqRh6pY,龍が如くの魅力！未プレイのあなたにこそ伝えたい【龍が如く極】,2026-09-12T13:08:30Z,10876,LIVE_STREAM,heuristic,https://www.youtube.com/watch?v=Fe5DlqRh6pY,5829,118,17,,,3878.0,5511.0,,2.61,5765,18740,554,5.09,9,1.56,0,5765.0,2.0,5765.0,ok,,,,,
93CssslGZvc,Say ''KIWAMI'' in the chat and I restricted!/ チャットで「KIWAMI」と言うと志田が困ります！【龍が如く極3】#yakuza,2026-09-12T04:44:35Z,12741,LIVE_STREAM,heuristic,https://www.youtube.com/watch?v=93CssslGZvc,2549,98,4,,,2374.0,2501.0,,1.18,2548,10478,713,5.6,5,1.96,0,2548.0,0,2548.0,ok,,,,,
m7MuBIjW1J0,It was chaos when 2 rival wrestlers played a game together. 【Chained Together】 #SHIDAtube,2026-09-11T22:00:26Z,91,SHORTS,heuristic,https://www.youtube.com/watch?v=m7MuBIjW1J0,1393,125,8,,,982.0,1289.0,,1.18,1377,376,35,38.69,0,0.0,0,1377.0,750.0,1377.0,ok,,,,,
o9lUtQVCB24,AEW Wrestlers play game together!/ AEWレスラーが一緒にゲームします！【Chained Together】,2026-09-11T03:10:20Z,7336,LIVE_STREAM,heuristic,https://www.youtube.com/watch?v=o9lUtQVCB24,5826,259,12,,,5138.0,5572.0,,2.63,5810,17723,391,5.34,14,2.41,0,5810.0,1.0,5810.0,ok,,,,,
aec7VvfhHTc,Wrestler challenges Kazuma Kiryu and Goro Majima!【Yakuza Kiwami 3】 #Shidatube #龍が如く ,2026-09-10T12:00:13Z,1193,VIDEO_ON_DEMAND,heuristic,https://www.youtube.com/watch?v=aec7VvfhHTc,17071,72,12,,,2466.0,8191.0,,4.61,15822,27075,132,11.09,3,0.19,14152.0,1669.0,0,15821.0,ok,,,,,
BcLpOEVh6C0,We all love you✨ #aew,2026-09-10T02:08:48Z,27,SHORTS,heuristic,https://www.youtube.com/watch?v=BcLpOEVh6C0,5569,647,38,,,4107.0,5114.0,,4.67,5518,987,20,77.69,4,0.72,0,5518.0,1216.0,5518.0,ok,,,,,
9sO6n-KgZ5k,Can You Guess This Like a Dragon 8 Karaoke Song?【Question 4】🎤 #Shidatube,2026-09-09T19:14:06Z,77,SHORTS,heuristic,https://www.youtube.com/watch?v=9sO6n-KgZ5k,547,37,3,,,419.0,484.0,,0.44,540,63,24,31.59,0,0.0,0,540.0,317.0,540.0,ok,,,,,
bwaS35fv0Ew,Requests from 1st time viewers are welcom!/ 初見リクエスト大歓迎！【龍が如く】,2026-09-09T05:37:34Z,12631,LIVE_STREAM,heuristic,https://www.youtube.com/watch?v=bwaS35fv0Ew,2257,95,4,,,2098.0,2207.0,,1.04,2255,10249,643,5.1,2,0.89,0,2255.0,0,2255.0,ok,,,,,
fUPQosw2JW0,"Newest vs N64 ver.! There are differences here, too!! 【Star Fox】 #starfox #SHIDAtube",2026-09-08T23:53:21Z,74,SHORTS,heuristic,https://www.youtube.com/watch?v=fUPQosw2JW0,435,41,6,,,293.0,384.0,,0.35,433,101,29,39.75,0,0.0,0,433.0,135.0,433.0,ok,,,,,
vizWEvEJfCY,It's Final! I can't! Too difficult!/ ついに最終回！むりっムズい！！【Star Fox】,2026-09-08T05:52:32Z,13311,LIVE_STREAM,heuristic,https://www.youtube.com/watch?v=vizWEvEJfCY,2150,101,7,,,2038.0,2115.0,,1.0,2148,10124,748,5.62,4,1.86,0,2148.0,0,2148.0,ok,,,,,
ieY3qWWM314,Can You Guess This Like a Dragon 8 Karaoke Song?【Question 3】🎤#Shidatube,2026-09-07T23:06:10Z,77,SHORTS,heuristic,https://www.youtube.com/watch?v=ieY3qWWM314,597,41,5,,,452.0,547.0,,0.5,592,73,20,26,0,0.0,0,592.0,257.0,592.0,ok,,,,,
Mkn1AWEo6Oo,Can You Guess This Like a Dragon 8 Karaoke Song?【Question 2】🎤#Shidatube,2026-09-06T22:00:24Z,80,SHORTS,heuristic,https://www.youtube.com/watch?v=Mkn1AWEo6Oo,1379,46,7,,,1257.0,1344.0,,1.23,1374,108,22,27.66,0,0.0,0,1374.0,1087.0,1374.0,ok,,,,,
FojCezLmHIc,超初心者！優しいアドバイス歓迎！【APEX LEGENDS】,2026-09-06T14:12:02Z,10926,LIVE_STREAM,heuristic,https://www.youtube.com/watch?v=FojCezLmHIc,1824,76,4,,,1683.0,1788.0,,0.85,1819,5030,452,4.14,2,1.1,0,1819.0,0,1819.0,ok,,,,,
AaA8RK9-Pf4,AI recommends withdrawing!? Bastion Ramnant【Minecraft】,2026-09-06T02:45:37Z,591,VIDEO_ON_DEMAND,heuristic,https://www.youtube.com/watch?v=AaA8RK9-Pf4,924,32,8,,,742.0,858.0,,0.48,921,320,86,14.71,0,0.0,0,921.0,0,921.0,ok,,,,,
Gj-LdVgTL74,Your comments give me strength!/ コメントが力になる！【龍が如く7】,2026-09-05T08:30:48Z,26196,LIVE_STREAM,heuristic,https://www.youtube.com/watch?v=Gj-LdVgTL74,3562,119,5,,,1256.0,1416.0,,0.67,3558,23147,975,10.13,3,0.84,0,3558.0,2.0,3558.0,ok,,,,,
MK5YtrPMrWQ,The evolution of the graphics is amazing!【Star Fox】【Star Fox 64】 #StarFox #SHIDAtube,2026-09-04T22:00:33Z,75,SHORTS,heuristic,https://www.youtube.com/watch?v=MK5YtrPMrWQ,627,56,6,,,490.0,594.0,,0.54,626,128,28,37.62,0,0.0,0,626.0,310.0,626.0,ok,,,,,
BUiwu47RH84,Enter the Mid! Blown away by the graphics!/ 中盤突入！グラフィックに感動！【Star Fox】,2026-09-04T05:03:58Z,10531,LIVE_STREAM,heuristic,https://www.youtube.com/watch?v=BUiwu47RH84,1841,91,6,,,1705.0,1821.0,,0.86,1841,8496,745,7.08,1,0.54,0,1841.0,2.0,1841.0,ok,,,,,
zB61D7qZzdo,Can You Guess This Like a Dragon 8 Karaoke Song? 【Question 1】🎤 #Shidatube,2026-09-03T22:00:33Z,57,SHORTS,heuristic,https://www.youtube.com/watch?v=zB61D7qZzdo,779,50,5,,,575.0,726.0,,0.66,776,122,26,46.46,0,0.0,0,776.0,462.0,776.0,ok,,,,,
qfD7S1D5HQQ,Do you know which character is this?? #TGS2026 #SHIDAtube,2026-09-01T22:44:43Z,75,SHORTS,heuristic,https://www.youtube.com/watch?v=qfD7S1D5HQQ,325,38,5,,,231.0,281.0,,0.26,325,91,38,50.96000000000001,0,0.0,0,325.0,125.0,325.0,ok,,,,,
IeWAaD3ZTXw,Preparing for TGS/ 東京ゲームショウの準備！,2026-09-01T04:11:39Z,7356,LIVE_STREAM,heuristic,https://www.youtube.com/watch?v=IeWAaD3ZTXw,2258,122,7,,,2085.0,2190.0,,1.04,2254,7582,456,6.2,3,1.33,0,2254.0,1.0,2254.0,ok,,,,,
CEObm9Fv9co,It draws you in…【Japan Stigmatized Property】 #JSP3 #SHIDAtube,2026-08-31T23:00:36Z,71,SHORTS,heuristic,https://www.youtube.com/watch?v=CEObm9Fv9co,1065,82,9,,,569.0,834.0,,0.76,1055,249,30,42.66,3,2.84,0,1054.0,292.0,1054.0,ok,,,,,
0MNE_inIGXU,A Pro Wrestler’s Relentless Revenge【Castlevania】#ShidaTube #castlevania,2026-08-31T01:11:28Z,47,SHORTS,heuristic,https://www.youtube.com/watch?v=0MNE_inIGXU,1454,44,9,,,1303.0,1405.0,,1.28,1450,269,34,73.08,0,0.0,0,1450.0,1098.0,1450.0,ok,,,,,
Rz6dxno88NY,初の24時間配信で龍が如くを遊び尽くす！,2026-08-29T20:29:56Z,42898,LIVE_STREAM,heuristic,https://www.youtube.com/watch?v=Rz6dxno88NY,5552,155,7,,,5231.0,5396.0,,2.55,5539,28614,691,1.6099999999999999,13,2.35,0,5538.0,1.0,5538.0,ok,,,,,
uIV_HWFfVYM,Things You Should Never Say While Watching a Chicken Race【Like a Dragon: Ishin!】,2026-08-28T23:37:14Z,49,SHORTS,heuristic,https://www.youtube.com/watch?v=uIV_HWFfVYM,1129,35,4,,,1025.0,1095.0,1127.0,1.0,1127,137,16,34.49,0,0.0,0,1127.0,868.0,1127.0,ok,,,,,
HuwZoWLdSOg,Back and Forth between New & Old!/ 新旧を行ったり来たり！【Star Fox】,2026-08-28T04:36:59Z,8961,LIVE_STREAM,heuristic,https://www.youtube.com/watch?v=HuwZoWLdSOg,1891,88,15,,,1661.0,1806.0,1888.0,0.85,618,1224,362,4.04,0,0.0,0,618.0,0,618.0,ok,,,,,
EwPqE-5nLbM,AI that Laughs at P**P...【Minecraft】,2026-08-26T22:00:05Z,481,VIDEO_ON_DEMAND,heuristic,https://www.youtube.com/watch?v=EwPqE-5nLbM,539,46,16,,,337.0,438.0,534.0,0.25,199,83,62,13.089999999999998,1,5.03,0,199.0,0,199.0,ok,,,,,
7NptBkx71bw,I have a favor tro ask./ お願いがあります。,2026-08-26T04:02:41Z,6556,LIVE_STREAM,heuristic,https://www.youtube.com/watch?v=7NptBkx71bw,752,93,7,,,621.0,727.0,751.0,0.34,72,171,621,9.47,0,0.0,0,72.0,0,72.0,ok,,,,,
BDWpYYEFpFs,東急歌舞伎町タワー×『龍が如く』コラボイベント行ってきた！ #龍が如く #SHIDAtube,2026-08-25T23:00:10Z,84,SHORTS,heuristic,https://www.youtube.com/watch?v=BDWpYYEFpFs,1282,83,9,,,577.0,1183.0,1278.0,1.08,210,56,29,35.01,0,0.0,0,210.0,24.0,210.0,ok,,,,,
