video_id,elapsed_ratio,audience_watch_ratio,relative_retention_performance
4HGNcxt7ZaQ,0.01,0.9777,0.41655
4HGNcxt7ZaQ,0.02,0.8170000000000001,0.41335
4HGNcxt7ZaQ,0.03,0.7804000000000001,0.4158
4HGNcxt7ZaQ,0.04,0.7027,0.4177
4HGNcxt7ZaQ,0.05,0.6536,0.40985
4HGNcxt7ZaQ,0.06,0.5964,0.39325
4HGNcxt7ZaQ,0.07,0.5661,0.37655
4HGNcxt7ZaQ,0.08,0.5196000000000001,0.3677
4HGNcxt7ZaQ,0.09,0.4929,0.36970000000000003
4HGNcxt7ZaQ,0.1,0.48210000000000003,0.382
4HGNcxt7ZaQ,0.11,0.47409999999999997,0.40465
4HGNcxt7ZaQ,0.12,0.45539999999999997,0.4396
4HGNcxt7ZaQ,0.13,0.4536,0.48395
4HGNcxt7ZaQ,0.14,0.45270000000000005,0.5249
4HGNcxt7ZaQ,0.15,0.46880000000000005,0.54755
4HGNcxt7ZaQ,0.16,0.4839,0.54305
4HGNcxt7ZaQ,0.17,0.4375,0.50895
4HGNcxt7ZaQ,0.18,0.392,0.4498
4HGNcxt7ZaQ,0.19,0.3554,0.38155
4HGNcxt7ZaQ,0.2,0.33840000000000003,0.32575
4HGNcxt7ZaQ,0.21,0.3286,0.2921
4HGNcxt7ZaQ,0.22,0.3152,0.2758
4HGNcxt7ZaQ,0.23,0.2982,0.26890000000000003
4HGNcxt7ZaQ,0.24,0.29109999999999997,0.26635
4HGNcxt7ZaQ,0.25,0.2848,0.2657
4HGNcxt7ZaQ,0.26,0.275,0.2658
4HGNcxt7ZaQ,0.27,0.2759,0.26680000000000004
4HGNcxt7ZaQ,0.28,0.26789999999999997,0.2696
4HGNcxt7ZaQ,0.29,0.2652,0.2752
4HGNcxt7ZaQ,0.3,0.2589,0.28435
4HGNcxt7ZaQ,0.31,0.2634,0.29785
4HGNcxt7ZaQ,0.32,0.2589,0.3146
4HGNcxt7ZaQ,0.33,0.27949999999999997,0.32995
4HGNcxt7ZaQ,0.34,0.2732,0.33799999999999997
4HGNcxt7ZaQ,0.35,0.2634,0.33755
4HGNcxt7ZaQ,0.36,0.24109999999999998,0.33309999999999995
4HGNcxt7ZaQ,0.37,0.2402,0.32995
4HGNcxt7ZaQ,0.38,0.24109999999999998,0.33075
4HGNcxt7ZaQ,0.39,0.2348,0.33555
4HGNcxt7ZaQ,0.4,0.2366,0.34365
4HGNcxt7ZaQ,0.41,0.23129999999999998,0.35495
4HGNcxt7ZaQ,0.42,0.22949999999999998,0.3699
4HGNcxt7ZaQ,0.43,0.2321,0.3887
4HGNcxt7ZaQ,0.44,0.22769999999999999,0.41035
4HGNcxt7ZaQ,0.45,0.2268,0.43305
4HGNcxt7ZaQ,0.46,0.2134,0.45605
4HGNcxt7ZaQ,0.47,0.2205,0.47975
4HGNcxt7ZaQ,0.48,0.2125,0.50485
4HGNcxt7ZaQ,0.49,0.2107,0.53125
4HGNcxt7ZaQ,0.5,0.2089,0.55925
4HGNcxt7ZaQ,0.51,0.2071,0.5916
4HGNcxt7ZaQ,0.52,0.2286,0.6299
4HGNcxt7ZaQ,0.53,0.2348,0.66645
4HGNcxt7ZaQ,0.54,0.2473,0.6872
4HGNcxt7ZaQ,0.55,0.2571,0.68655
4HGNcxt7ZaQ,0.56,0.2571,0.6746
4HGNcxt7ZaQ,0.57,0.25980000000000003,0.66775
4HGNcxt7ZaQ,0.58,0.2455,0.67245
4HGNcxt7ZaQ,0.59,0.2446,0.67775
4HGNcxt7ZaQ,0.6,0.2491,0.66605
4HGNcxt7ZaQ,0.61,0.242,0.63005
4HGNcxt7ZaQ,0.62,0.2232,0.58035
4HGNcxt7ZaQ,0.63,0.2241,0.53745
4HGNcxt7ZaQ,0.64,0.2232,0.51375
4HGNcxt7ZaQ,0.65,0.23129999999999998,0.5057
4HGNcxt7ZaQ,0.66,0.2259,0.50395
4HGNcxt7ZaQ,0.67,0.2375,0.50475
4HGNcxt7ZaQ,0.68,0.2223,0.50735
4HGNcxt7ZaQ,0.69,0.2348,0.50685
4HGNcxt7ZaQ,0.7,0.2357,0.49585
4HGNcxt7ZaQ,0.71,0.22769999999999999,0.47505
4HGNcxt7ZaQ,0.72,0.2205,0.4558
4HGNcxt7ZaQ,0.73,0.20980000000000001,0.44895
4HGNcxt7ZaQ,0.74,0.2143,0.45545
4HGNcxt7ZaQ,0.75,0.2134,0.46915
4HGNcxt7ZaQ,0.76,0.2036,0.48335
4HGNcxt7ZaQ,0.77,0.2018,0.4941
4HGNcxt7ZaQ,0.78,0.2,0.4994
4HGNcxt7ZaQ,0.79,0.19640000000000002,0.49865
4HGNcxt7ZaQ,0.8,0.2071,0.4935
4HGNcxt7ZaQ,0.81,0.2125,0.4888
4HGNcxt7ZaQ,0.82,0.2268,0.48925
4HGNcxt7ZaQ,0.83,0.2366,0.4927
4HGNcxt7ZaQ,0.84,0.2509,0.49075
4HGNcxt7ZaQ,0.85,0.24109999999999998,0.4785
4HGNcxt7ZaQ,0.86,0.2321,0.4617
4HGNcxt7ZaQ,0.87,0.2134,0.45125
4HGNcxt7ZaQ,0.88,0.2214,0.4499
4HGNcxt7ZaQ,0.89,0.2232,0.4492
4HGNcxt7ZaQ,0.9,0.2232,0.4398
4HGNcxt7ZaQ,0.91,0.20629999999999998,0.42035
4HGNcxt7ZaQ,0.92,0.1848,0.3961
4HGNcxt7ZaQ,0.93,0.1732,0.37134999999999996
4HGNcxt7ZaQ,0.94,0.1625,0.34745
4HGNcxt7ZaQ,0.95,0.15539999999999998,0.3276
4HGNcxt7ZaQ,0.96,0.1643,0.31594999999999995
4HGNcxt7ZaQ,0.97,0.1634,0.31215000000000004
4HGNcxt7ZaQ,0.98,0.1589,0.3117
4HGNcxt7ZaQ,0.99,0.14730000000000001,0.31235
4HGNcxt7ZaQ,1,0.1366,0.31385
J0iuzSLBRqY,0.01,0.9476,0.36819999999999997
J0iuzSLBRqY,0.02,0.06480000000000001,0.3137
J0iuzSLBRqY,0.03,0.0973,0.32889999999999997
J0iuzSLBRqY,0.04,0.11720000000000001,0.4
J0iuzSLBRqY,0.05,0.1322,0.45589999999999997
J0iuzSLBRqY,0.06,0.1322,0.4671
J0iuzSLBRqY,0.07,0.0973,0.4311
J0iuzSLBRqY,0.08,0.0698,0.362
J0iuzSLBRqY,0.09,0.0823,0.30705
J0iuzSLBRqY,0.1,0.0723,0.30065
J0iuzSLBRqY,0.11,0.0998,0.31174999999999997
J0iuzSLBRqY,0.12,0.0723,0.30065
J0iuzSLBRqY,0.13,0.0673,0.2808
J0iuzSLBRqY,0.14,0.0574,0.27905
J0iuzSLBRqY,0.15,0.0673,0.27749999999999997
J0iuzSLBRqY,0.16,0.0599,0.24545
J0iuzSLBRqY,0.17,0.0499,0.19679999999999997
J0iuzSLBRqY,0.18,0.0524,0.1683
J0iuzSLBRqY,0.19,0.0524,0.17554999999999998
J0iuzSLBRqY,0.2,0.047400000000000005,0.22449999999999998
J0iuzSLBRqY,0.21,0.0449,0.32525
J0iuzSLBRqY,0.22,0.0449,0.4629
J0iuzSLBRqY,0.23,0.0499,0.58295
J0iuzSLBRqY,0.24,0.0374,0.6524
J0iuzSLBRqY,0.25,0.0524,0.6997
J0iuzSLBRqY,0.26,0.0449,0.7664
J0iuzSLBRqY,0.27,0.0424,0.84055
J0iuzSLBRqY,0.28,0.0524,0.885
J0iuzSLBRqY,0.29,0.0424,0.8946000000000001
J0iuzSLBRqY,0.3,0.0349,0.8928499999999999
J0iuzSLBRqY,0.31,0.0574,0.9023
J0iuzSLBRqY,0.32,0.06480000000000001,0.9216
J0iuzSLBRqY,0.33,0.0723,0.9359
J0iuzSLBRqY,0.34,0.06480000000000001,0.93955
J0iuzSLBRqY,0.35,0.0698,0.9372
J0iuzSLBRqY,0.36,0.0748,0.9354
J0iuzSLBRqY,0.37,0.07980000000000001,0.937
J0iuzSLBRqY,0.38,0.07980000000000001,0.9403
J0iuzSLBRqY,0.39,0.0748,0.94155
J0iuzSLBRqY,0.4,0.0748,0.9375
J0iuzSLBRqY,0.41,0.07730000000000001,0.9259999999999999
J0iuzSLBRqY,0.42,0.0723,0.90685
J0iuzSLBRqY,0.43,0.0599,0.8827
J0iuzSLBRqY,0.44,0.0623,0.8545499999999999
J0iuzSLBRqY,0.45,0.07730000000000001,0.8178000000000001
J0iuzSLBRqY,0.46,0.0673,0.7725
J0iuzSLBRqY,0.47,0.07980000000000001,0.7339
J0iuzSLBRqY,0.48,0.0698,0.7209
J0iuzSLBRqY,0.49,0.0623,0.73165
J0iuzSLBRqY,0.5,0.0723,0.7446
J0iuzSLBRqY,0.51,0.0723,0.7455
J0iuzSLBRqY,0.52,0.0623,0.733
J0iuzSLBRqY,0.53,0.0499,0.7134
J0iuzSLBRqY,0.54,0.0524,0.69985
J0iuzSLBRqY,0.55,0.054900000000000004,0.6992
J0iuzSLBRqY,0.56,0.054900000000000004,0.70265
J0iuzSLBRqY,0.57,0.054900000000000004,0.69875
J0iuzSLBRqY,0.58,0.0623,0.68345
J0iuzSLBRqY,0.59,0.0524,0.6601
J0iuzSLBRqY,0.6,0.054900000000000004,0.6428
J0iuzSLBRqY,0.61,0.0499,0.6533
J0iuzSLBRqY,0.62,0.06480000000000001,0.6974
J0iuzSLBRqY,0.63,0.0524,0.7502
J0iuzSLBRqY,0.64,0.0524,0.7811
J0iuzSLBRqY,0.65,0.06480000000000001,0.7824
J0iuzSLBRqY,0.66,0.0748,0.7618
J0iuzSLBRqY,0.67,0.0673,0.7264
J0iuzSLBRqY,0.68,0.054900000000000004,0.68085
J0iuzSLBRqY,0.69,0.0599,0.62965
J0iuzSLBRqY,0.7,0.0623,0.57845
J0iuzSLBRqY,0.71,0.0574,0.53055
J0iuzSLBRqY,0.72,0.0449,0.48615
J0iuzSLBRqY,0.73,0.039900000000000005,0.44784999999999997
J0iuzSLBRqY,0.74,0.039900000000000005,0.42005
J0iuzSLBRqY,0.75,0.0374,0.39935
J0iuzSLBRqY,0.76,0.0424,0.3769
J0iuzSLBRqY,0.77,0.0349,0.35619999999999996
J0iuzSLBRqY,0.78,0.0374,0.3569
J0iuzSLBRqY,0.79,0.0424,0.39380000000000004
J0iuzSLBRqY,0.8,0.047400000000000005,0.46135
J0iuzSLBRqY,0.81,0.0374,0.53915
J0iuzSLBRqY,0.82,0.0374,0.60565
J0iuzSLBRqY,0.83,0.039900000000000005,0.6452
J0iuzSLBRqY,0.84,0.0524,0.65045
J0iuzSLBRqY,0.85,0.0449,0.6193500000000001
J0iuzSLBRqY,0.86,0.0424,0.55785
J0iuzSLBRqY,0.87,0.032400000000000005,0.4898
J0iuzSLBRqY,0.88,0.0349,0.44079999999999997
J0iuzSLBRqY,0.89,0.0424,0.40965
J0iuzSLBRqY,0.9,0.029900000000000003,0.3841
J0iuzSLBRqY,0.91,0.029900000000000003,0.37015
J0iuzSLBRqY,0.92,0.039900000000000005,0.37255000000000005
J0iuzSLBRqY,0.93,0.029900000000000003,0.37175
J0iuzSLBRqY,0.94,0.0349,0.3487
J0iuzSLBRqY,0.95,0.032400000000000005,0.3124
J0iuzSLBRqY,0.96,0.029900000000000003,0.2822
J0iuzSLBRqY,0.97,0.032400000000000005,0.26485000000000003
J0iuzSLBRqY,0.98,0.0274,0.257
J0iuzSLBRqY,0.99,0.02,0.25344999999999995
J0iuzSLBRqY,1,0.022400000000000003,0.25165
bN1-YXwOIsk,0.01,0.9247,0.26
bN1-YXwOIsk,0.02,0.3325,0.17855
bN1-YXwOIsk,0.03,0.2364,0.13484999999999997
bN1-YXwOIsk,0.04,0.2104,0.1361
bN1-YXwOIsk,0.05,0.16620000000000001,0.1472
bN1-YXwOIsk,0.06,0.1636,0.15610000000000002
bN1-YXwOIsk,0.07,0.1377,0.16570000000000001
bN1-YXwOIsk,0.08,0.1377,0.1774
bN1-YXwOIsk,0.09,0.1247,0.1894
bN1-YXwOIsk,0.1,0.12990000000000002,0.20344999999999996
bN1-YXwOIsk,0.11,0.1195,0.2284
bN1-YXwOIsk,0.12,0.11689999999999999,0.26980000000000004
bN1-YXwOIsk,0.13,0.12990000000000002,0.3176
bN1-YXwOIsk,0.14,0.12210000000000001,0.35519999999999996
bN1-YXwOIsk,0.15,0.11689999999999999,0.37815
bN1-YXwOIsk,0.16,0.1143,0.394
bN1-YXwOIsk,0.17,0.1065,0.4108
bN1-YXwOIsk,0.18,0.1091,0.4315
bN1-YXwOIsk,0.19,0.1117,0.45715
bN1-YXwOIsk,0.2,0.1039,0.4871
bN1-YXwOIsk,0.21,0.09609999999999999,0.51725
bN1-YXwOIsk,0.22,0.09609999999999999,0.541
bN1-YXwOIsk,0.23,0.1143,0.5519000000000001
bN1-YXwOIsk,0.24,0.0987,0.5455
bN1-YXwOIsk,0.25,0.09609999999999999,0.52475
bN1-YXwOIsk,0.26,0.09609999999999999,0.5025
bN1-YXwOIsk,0.27,0.0909,0.4928
bN1-YXwOIsk,0.28,0.0909,0.499
bN1-YXwOIsk,0.29,0.0987,0.51095
bN1-YXwOIsk,0.3,0.0987,0.5123
bN1-YXwOIsk,0.31,0.09609999999999999,0.48995
bN1-YXwOIsk,0.32,0.0857,0.444
bN1-YXwOIsk,0.33,0.0779,0.39339999999999997
bN1-YXwOIsk,0.34,0.08310000000000001,0.3607
bN1-YXwOIsk,0.35,0.08310000000000001,0.35425
bN1-YXwOIsk,0.36,0.0727,0.3752
bN1-YXwOIsk,0.37,0.0883,0.4239
bN1-YXwOIsk,0.38,0.0779,0.48495
bN1-YXwOIsk,0.39,0.0805,0.52125
bN1-YXwOIsk,0.4,0.0753,0.51065
bN1-YXwOIsk,0.41,0.0857,0.4732
bN1-YXwOIsk,0.42,0.0805,0.44085
bN1-YXwOIsk,0.43,0.0805,0.42245
bN1-YXwOIsk,0.44,0.0753,0.4141
bN1-YXwOIsk,0.45,0.0779,0.4137
bN1-YXwOIsk,0.46,0.0753,0.42125
bN1-YXwOIsk,0.47,0.08310000000000001,0.4383
bN1-YXwOIsk,0.48,0.0857,0.46965
bN1-YXwOIsk,0.49,0.0779,0.5213
bN1-YXwOIsk,0.5,0.0883,0.5791999999999999
bN1-YXwOIsk,0.51,0.08310000000000001,0.60835
bN1-YXwOIsk,0.52,0.0753,0.59005
bN1-YXwOIsk,0.53,0.0701,0.5432
bN1-YXwOIsk,0.54,0.0701,0.50345
bN1-YXwOIsk,0.55,0.0753,0.4856
bN1-YXwOIsk,0.56,0.0675,0.4823
bN1-YXwOIsk,0.57,0.0649,0.4844
bN1-YXwOIsk,0.58,0.0779,0.48645
bN1-YXwOIsk,0.59,0.0753,0.49075
bN1-YXwOIsk,0.6,0.0753,0.50005
bN1-YXwOIsk,0.61,0.0727,0.5137
bN1-YXwOIsk,0.62,0.08310000000000001,0.5289
bN1-YXwOIsk,0.63,0.0727,0.54575
bN1-YXwOIsk,0.64,0.0805,0.5713
bN1-YXwOIsk,0.65,0.0779,0.6172
bN1-YXwOIsk,0.66,0.0753,0.689
bN1-YXwOIsk,0.67,0.0701,0.7678499999999999
bN1-YXwOIsk,0.68,0.08310000000000001,0.8268
bN1-YXwOIsk,0.69,0.0883,0.86015
bN1-YXwOIsk,0.7,0.0909,0.8767
bN1-YXwOIsk,0.71,0.0883,0.8840999999999999
bN1-YXwOIsk,0.72,0.09609999999999999,0.8848
bN1-YXwOIsk,0.73,0.0909,0.87775
bN1-YXwOIsk,0.74,0.0935,0.86025
bN1-YXwOIsk,0.75,0.0805,0.8315999999999999
bN1-YXwOIsk,0.76,0.0805,0.79905
bN1-YXwOIsk,0.77,0.0701,0.7757499999999999
bN1-YXwOIsk,0.78,0.0883,0.76065
bN1-YXwOIsk,0.79,0.0805,0.7361
bN1-YXwOIsk,0.8,0.0753,0.6911499999999999
bN1-YXwOIsk,0.81,0.0805,0.6375
bN1-YXwOIsk,0.82,0.0883,0.59575
bN1-YXwOIsk,0.83,0.0857,0.5701499999999999
bN1-YXwOIsk,0.84,0.0753,0.5527
bN1-YXwOIsk,0.85,0.0753,0.539
bN1-YXwOIsk,0.86,0.0753,0.5257
bN1-YXwOIsk,0.87,0.0753,0.5084
bN1-YXwOIsk,0.88,0.0701,0.48715
bN1-YXwOIsk,0.89,0.0727,0.4666
bN1-YXwOIsk,0.9,0.0753,0.45095
bN1-YXwOIsk,0.91,0.0701,0.4412
bN1-YXwOIsk,0.92,0.0779,0.4373
bN1-YXwOIsk,0.93,0.0727,0.44279999999999997
bN1-YXwOIsk,0.94,0.0805,0.457
bN1-YXwOIsk,0.95,0.0805,0.4752
bN1-YXwOIsk,0.96,0.0753,0.49319999999999997
bN1-YXwOIsk,0.97,0.0701,0.50615
bN1-YXwOIsk,0.98,0.0675,0.5115
bN1-YXwOIsk,0.99,0.0649,0.512
bN1-YXwOIsk,1,0.0727,0.5112
-qVGyv02LnY,0.01,1.1604,0.5349
-qVGyv02LnY,0.02,1.1499,0.4916
-qVGyv02LnY,0.03,1.13,0.4511
-qVGyv02LnY,0.04,1.1237000000000001,0.42010000000000003
-qVGyv02LnY,0.05,1.1038,0.3996
-qVGyv02LnY,0.06,1.0943,0.38695
-qVGyv02LnY,0.07,1.0776000000000001,0.3789
-qVGyv02LnY,0.08,1.0659999999999998,0.3736
-qVGyv02LnY,0.09,1.0534999999999999,0.37035
-qVGyv02LnY,0.1,1.0189,0.3687
-qVGyv02LnY,0.11,0.9895,0.36845
-qVGyv02LnY,0.12,0.9675,0.3694
-qVGyv02LnY,0.13,0.9181999999999999,0.37115
-qVGyv02LnY,0.14,0.8889,0.37355
-qVGyv02LnY,0.15,0.8543000000000001,0.3762
-qVGyv02LnY,0.16,0.8301999999999999,0.379
-qVGyv02LnY,0.17,0.7829999999999999,0.3817
-qVGyv02LnY,0.18,0.7683,0.3841
-qVGyv02LnY,0.19,0.7484000000000001,0.38615
-qVGyv02LnY,0.2,0.7390000000000001,0.3878
-qVGyv02LnY,0.21,0.7254,0.3891
-qVGyv02LnY,0.22,0.7159,0.39015
-qVGyv02LnY,0.23,0.695,0.391
-qVGyv02LnY,0.24,0.6761,0.39185000000000003
-qVGyv02LnY,0.25,0.652,0.3928
-qVGyv02LnY,0.26,0.6446999999999999,0.394
-qVGyv02LnY,0.27,0.6394,0.3955
-qVGyv02LnY,0.28,0.6363,0.39735
-qVGyv02LnY,0.29,0.6331,0.39955
-qVGyv02LnY,0.3,0.6289,0.402
-qVGyv02LnY,0.31,0.6215999999999999,0.40465
-qVGyv02LnY,0.32,0.6204999999999999,0.4074
-qVGyv02LnY,0.33,0.6174000000000001,0.4102
-qVGyv02LnY,0.34,0.6164000000000001,0.4129
-qVGyv02LnY,0.35,0.6153,0.4154
-qVGyv02LnY,0.36,0.6006,0.41775
-qVGyv02LnY,0.37,0.5786,0.4199
-qVGyv02LnY,0.38,0.5535,0.422
-qVGyv02LnY,0.39,0.5283,0.42415
-qVGyv02LnY,0.4,0.5126,0.4264
-qVGyv02LnY,0.41,0.501,0.42895
-qVGyv02LnY,0.42,0.49060000000000004,0.4318
-qVGyv02LnY,0.43,0.4769,0.435
-qVGyv02LnY,0.44,0.4686,0.43845
-qVGyv02LnY,0.45,0.4654,0.44215
-qVGyv02LnY,0.46,0.4612,0.44595
-qVGyv02LnY,0.47,0.457,0.44984999999999997
-qVGyv02LnY,0.48,0.456,0.45394999999999996
-qVGyv02LnY,0.49,0.456,0.4583
-qVGyv02LnY,0.5,0.4539,0.46299999999999997
-qVGyv02LnY,0.51,0.44549999999999995,0.46799999999999997
-qVGyv02LnY,0.52,0.4382,0.47335
-qVGyv02LnY,0.53,0.4382,0.479
-qVGyv02LnY,0.54,0.4382,0.48495
-qVGyv02LnY,0.55,0.4371,0.4911
-qVGyv02LnY,0.56,0.435,0.49745
-qVGyv02LnY,0.57,0.4329,0.50385
-qVGyv02LnY,0.58,0.4329,0.51025
-qVGyv02LnY,0.59,0.4266,0.5166
-qVGyv02LnY,0.6,0.4214,0.52285
-qVGyv02LnY,0.61,0.4172,0.529
-qVGyv02LnY,0.62,0.40990000000000004,0.53505
-qVGyv02LnY,0.63,0.4057,0.54085
-qVGyv02LnY,0.64,0.4004,0.54635
-qVGyv02LnY,0.65,0.4004,0.5515
-qVGyv02LnY,0.66,0.39520000000000005,0.55625
-qVGyv02LnY,0.67,0.3847,0.5605
-qVGyv02LnY,0.68,0.3774,0.56435
-qVGyv02LnY,0.69,0.3721,0.5677
-qVGyv02LnY,0.7,0.37,0.5706
-qVGyv02LnY,0.71,0.3679,0.573
-qVGyv02LnY,0.72,0.3711,0.575
-qVGyv02LnY,0.73,0.3732,0.57655
-qVGyv02LnY,0.74,0.3711,0.5777
-qVGyv02LnY,0.75,0.3669,0.57845
-qVGyv02LnY,0.76,0.36479999999999996,0.57895
-qVGyv02LnY,0.77,0.36579999999999996,0.5793
-qVGyv02LnY,0.78,0.3616,0.57975
-qVGyv02LnY,0.79,0.3616,0.58055
-qVGyv02LnY,0.8,0.3522,0.5819
-qVGyv02LnY,0.81,0.34909999999999997,0.58405
-qVGyv02LnY,0.82,0.3417,0.587
-qVGyv02LnY,0.83,0.3333,0.59065
-qVGyv02LnY,0.84,0.326,0.5948
-qVGyv02LnY,0.85,0.3208,0.59895
-qVGyv02LnY,0.86,0.3187,0.6028
-qVGyv02LnY,0.87,0.3145,0.6061
-qVGyv02LnY,0.88,0.3071,0.6088
-qVGyv02LnY,0.89,0.2998,0.61095
-qVGyv02LnY,0.9,0.2904,0.6129
-qVGyv02LnY,0.91,0.282,0.6147
-qVGyv02LnY,0.92,0.282,0.6164499999999999
-qVGyv02LnY,0.93,0.2757,0.618
-qVGyv02LnY,0.94,0.26940000000000003,0.6191
-qVGyv02LnY,0.95,0.26,0.6194999999999999
-qVGyv02LnY,0.96,0.2212,0.61915
-qVGyv02LnY,0.97,0.1981,0.61825
-qVGyv02LnY,0.98,0.18030000000000002,0.61705
-qVGyv02LnY,0.99,0.16879999999999998,0.6158
-qVGyv02LnY,1,0.1656,0.61475
BazFwnrnHww,0.01,1.1826,0.5660499999999999
BazFwnrnHww,0.02,1.1717,0.5375
BazFwnrnHww,0.03,1.1635,0.50985
BazFwnrnHww,0.04,1.1453,0.4864
BazFwnrnHww,0.05,1.1308,0.46845000000000003
BazFwnrnHww,0.06,1.1144,0.4557
BazFwnrnHww,0.07,1.1054000000000002,0.4468
BazFwnrnHww,0.08,1.0954000000000002,0.44035
BazFwnrnHww,0.09,1.0908,0.43545
BazFwnrnHww,0.1,1.0798999999999999,0.43165
BazFwnrnHww,0.11,1.05,0.42869999999999997
BazFwnrnHww,0.12,1.0154,0.4265
BazFwnrnHww,0.13,0.9682,0.42505
BazFwnrnHww,0.14,0.9401,0.42415
BazFwnrnHww,0.15,0.9146,0.42385
BazFwnrnHww,0.16,0.9055,0.42410000000000003
BazFwnrnHww,0.17,0.8783,0.42485
BazFwnrnHww,0.18,0.8556,0.42610000000000003
BazFwnrnHww,0.19,0.8411,0.42775
BazFwnrnHww,0.2,0.8273999999999999,0.42974999999999997
BazFwnrnHww,0.21,0.8129000000000001,0.43205
BazFwnrnHww,0.22,0.8029000000000001,0.4346
BazFwnrnHww,0.23,0.7965000000000001,0.43725
BazFwnrnHww,0.24,0.7884,0.43995
BazFwnrnHww,0.25,0.7829,0.4426
BazFwnrnHww,0.26,0.7811,0.44515
BazFwnrnHww,0.27,0.7811,0.44755
BazFwnrnHww,0.28,0.7793000000000001,0.44975
BazFwnrnHww,0.29,0.7711,0.4519
BazFwnrnHww,0.3,0.7684000000000001,0.454
BazFwnrnHww,0.31,0.7593000000000001,0.45605
BazFwnrnHww,0.32,0.7548,0.45805
BazFwnrnHww,0.33,0.7556999999999999,0.4601
BazFwnrnHww,0.34,0.753,0.4621
BazFwnrnHww,0.35,0.752,0.4641
BazFwnrnHww,0.36,0.7475,0.4661
BazFwnrnHww,0.37,0.7402,0.4681
BazFwnrnHww,0.38,0.7339,0.47015
BazFwnrnHww,0.39,0.7302,0.4722
BazFwnrnHww,0.4,0.7239,0.4743
BazFwnrnHww,0.41,0.7184,0.4764
BazFwnrnHww,0.42,0.7103,0.47845
BazFwnrnHww,0.43,0.7112,0.48045
BazFwnrnHww,0.44,0.7039,0.4823
BazFwnrnHww,0.45,0.6920999999999999,0.48405
BazFwnrnHww,0.46,0.6884999999999999,0.4857
BazFwnrnHww,0.47,0.6803,0.48715
BazFwnrnHww,0.48,0.6729999999999999,0.48855
BazFwnrnHww,0.49,0.6639,0.48985
BazFwnrnHww,0.5,0.6576000000000001,0.4911
BazFwnrnHww,0.51,0.654,0.49225
BazFwnrnHww,0.52,0.6457999999999999,0.49335
BazFwnrnHww,0.53,0.6420999999999999,0.4944
BazFwnrnHww,0.54,0.6376,0.49535
BazFwnrnHww,0.55,0.6312,0.49625
BazFwnrnHww,0.56,0.6222,0.4971
BazFwnrnHww,0.57,0.6131,0.49795
BazFwnrnHww,0.58,0.5995,0.4988
BazFwnrnHww,0.59,0.5886,0.49965
BazFwnrnHww,0.6,0.5813,0.5005
BazFwnrnHww,0.61,0.5749,0.50135
BazFwnrnHww,0.62,0.5686,0.50225
BazFwnrnHww,0.63,0.5622,0.50315
BazFwnrnHww,0.64,0.5586,0.50405
BazFwnrnHww,0.65,0.5522,0.50495
BazFwnrnHww,0.66,0.5486,0.5059
BazFwnrnHww,0.67,0.5459,0.50685
BazFwnrnHww,0.68,0.5468,0.50785
BazFwnrnHww,0.69,0.545,0.50885
BazFwnrnHww,0.7,0.5422,0.50995
BazFwnrnHww,0.71,0.5395,0.5111
BazFwnrnHww,0.72,0.5259,0.51235
BazFwnrnHww,0.73,0.5204,0.5137
BazFwnrnHww,0.74,0.5141,0.5152
BazFwnrnHww,0.75,0.515,0.5169
BazFwnrnHww,0.76,0.515,0.51885
BazFwnrnHww,0.77,0.5123,0.5211
BazFwnrnHww,0.78,0.5132,0.5238
BazFwnrnHww,0.79,0.5114,0.5269
BazFwnrnHww,0.8,0.5104,0.5305
BazFwnrnHww,0.81,0.5104,0.5345
BazFwnrnHww,0.82,0.5068,0.5389
BazFwnrnHww,0.83,0.5041,0.5436
BazFwnrnHww,0.84,0.505,0.54835
BazFwnrnHww,0.85,0.5014,0.5531
BazFwnrnHww,0.86,0.5005,0.55765
BazFwnrnHww,0.87,0.5005,0.56195
BazFwnrnHww,0.88,0.49950000000000006,0.5659
BazFwnrnHww,0.89,0.4959,0.56955
BazFwnrnHww,0.9,0.4732,0.5730999999999999
BazFwnrnHww,0.91,0.4205,0.5765
BazFwnrnHww,0.92,0.3506,0.5799
BazFwnrnHww,0.93,0.3206,0.5831500000000001
BazFwnrnHww,0.94,0.2952,0.5861
BazFwnrnHww,0.95,0.2616,0.5885
BazFwnrnHww,0.96,0.247,0.5902000000000001
BazFwnrnHww,0.97,0.2189,0.5911500000000001
BazFwnrnHww,0.98,0.20980000000000001,0.59145
BazFwnrnHww,0.99,0.1998,0.5913
BazFwnrnHww,1,0.1998,0.591
Z2_z0HssrQo,0.01,0.943,0.30415000000000003
Z2_z0HssrQo,0.02,0.8636,0.26839999999999997
Z2_z0HssrQo,0.03,0.8114,0.2475
Z2_z0HssrQo,0.04,0.6839,0.24574999999999997
Z2_z0HssrQo,0.05,0.6141,0.25175000000000003
Z2_z0HssrQo,0.06,0.5592,0.2619
Z2_z0HssrQo,0.07,0.5268,0.2742
Z2_z0HssrQo,0.08,0.5082,0.2841
Z2_z0HssrQo,0.09,0.4443,0.28875
Z2_z0HssrQo,0.1,0.4279,0.28890000000000005
Z2_z0HssrQo,0.11,0.4119,0.28579999999999994
Z2_z0HssrQo,0.12,0.3975,0.28025
Z2_z0HssrQo,0.13,0.3818,0.27405
Z2_z0HssrQo,0.14,0.3593,0.26935
Z2_z0HssrQo,0.15,0.3452,0.26754999999999995
Z2_z0HssrQo,0.16,0.3346,0.2685
Z2_z0HssrQo,0.17,0.3259,0.2721
Z2_z0HssrQo,0.18,0.3155,0.27915
Z2_z0HssrQo,0.19,0.3105,0.29074999999999995
Z2_z0HssrQo,0.2,0.309,0.3069
Z2_z0HssrQo,0.21,0.3057,0.32365
Z2_z0HssrQo,0.22,0.3075,0.3335
Z2_z0HssrQo,0.23,0.2921,0.3318
Z2_z0HssrQo,0.24,0.2875,0.32035
Z2_z0HssrQo,0.25,0.2778,0.30510000000000004
Z2_z0HssrQo,0.26,0.2693,0.29105000000000003
Z2_z0HssrQo,0.27,0.2661,0.28045
Z2_z0HssrQo,0.28,0.2591,0.27364999999999995
Z2_z0HssrQo,0.29,0.2518,0.27005
Z2_z0HssrQo,0.3,0.2502,0.26825
Z2_z0HssrQo,0.31,0.2415,0.26635
Z2_z0HssrQo,0.32,0.23989999999999997,0.2631
Z2_z0HssrQo,0.33,0.2306,0.2582
Z2_z0HssrQo,0.34,0.2285,0.25229999999999997
Z2_z0HssrQo,0.35,0.2241,0.24659999999999999
Z2_z0HssrQo,0.36,0.21969999999999998,0.24195
Z2_z0HssrQo,0.37,0.21739999999999998,0.23859999999999998
Z2_z0HssrQo,0.38,0.2144,0.2364
Z2_z0HssrQo,0.39,0.20879999999999999,0.235
Z2_z0HssrQo,0.4,0.2048,0.23405000000000004
Z2_z0HssrQo,0.41,0.2003,0.23425
Z2_z0HssrQo,0.42,0.1963,0.23620000000000002
Z2_z0HssrQo,0.43,0.1917,0.2403
Z2_z0HssrQo,0.44,0.1881,0.2475
Z2_z0HssrQo,0.45,0.18420000000000003,0.2596
Z2_z0HssrQo,0.46,0.1807,0.27905
Z2_z0HssrQo,0.47,0.1778,0.3064
Z2_z0HssrQo,0.48,0.1777,0.3366
Z2_z0HssrQo,0.49,0.1809,0.36045
Z2_z0HssrQo,0.5,0.18030000000000002,0.37305
Z2_z0HssrQo,0.51,0.1765,0.3786
Z2_z0HssrQo,0.52,0.17190000000000003,0.3887
Z2_z0HssrQo,0.53,0.1698,0.4132
Z2_z0HssrQo,0.54,0.17300000000000001,0.44995
Z2_z0HssrQo,0.55,0.17679999999999998,0.48465
Z2_z0HssrQo,0.56,0.1819,0.50325
Z2_z0HssrQo,0.57,0.1752,0.5029
Z2_z0HssrQo,0.58,0.17350000000000002,0.49235
Z2_z0HssrQo,0.59,0.16899999999999998,0.48455
Z2_z0HssrQo,0.6,0.1673,0.48395
Z2_z0HssrQo,0.61,0.1791,0.48225
Z2_z0HssrQo,0.62,0.1628,0.4705
Z2_z0HssrQo,0.63,0.1607,0.4524
Z2_z0HssrQo,0.64,0.1603,0.4391
Z2_z0HssrQo,0.65,0.15839999999999999,0.4357
Z2_z0HssrQo,0.66,0.157,0.44
Z2_z0HssrQo,0.67,0.1565,0.44855
Z2_z0HssrQo,0.68,0.155,0.4602
Z2_z0HssrQo,0.69,0.1532,0.47525
Z2_z0HssrQo,0.7,0.1522,0.49355
Z2_z0HssrQo,0.71,0.152,0.51385
Z2_z0HssrQo,0.72,0.1525,0.5341
Z2_z0HssrQo,0.73,0.1537,0.55165
Z2_z0HssrQo,0.74,0.1566,0.5622
Z2_z0HssrQo,0.75,0.1594,0.56105
Z2_z0HssrQo,0.76,0.1557,0.5465
Z2_z0HssrQo,0.77,0.1521,0.52245
Z2_z0HssrQo,0.78,0.1514,0.49725
Z2_z0HssrQo,0.79,0.1485,0.479
Z2_z0HssrQo,0.8,0.1476,0.47075
Z2_z0HssrQo,0.81,0.1447,0.47135
Z2_z0HssrQo,0.82,0.1433,0.4784
Z2_z0HssrQo,0.83,0.1425,0.48995
Z2_z0HssrQo,0.84,0.14279999999999998,0.50375
Z2_z0HssrQo,0.85,0.1429,0.51465
Z2_z0HssrQo,0.86,0.1435,0.51615
Z2_z0HssrQo,0.87,0.1419,0.5056
Z2_z0HssrQo,0.88,0.1391,0.4887
Z2_z0HssrQo,0.89,0.1346,0.47555000000000003
Z2_z0HssrQo,0.9,0.1334,0.47315
Z2_z0HssrQo,0.91,0.1316,0.4814
Z2_z0HssrQo,0.92,0.1319,0.4958
Z2_z0HssrQo,0.93,0.1324,0.5105
Z2_z0HssrQo,0.94,0.1295,0.5214
Z2_z0HssrQo,0.95,0.13019999999999998,0.52815
Z2_z0HssrQo,0.96,0.129,0.5341
Z2_z0HssrQo,0.97,0.1274,0.5429
Z2_z0HssrQo,0.98,0.12789999999999999,0.5556
Z2_z0HssrQo,0.99,0.1274,0.56955
Z2_z0HssrQo,1,0.1231,0.58
FBhXSruOoHk,0.01,1.1323999999999999,0.445
FBhXSruOoHk,0.02,1.1242,0.41400000000000003
FBhXSruOoHk,0.03,1.1191,0.3829
FBhXSruOoHk,0.04,1.1027,0.3539
FBhXSruOoHk,0.05,1.0759999999999998,0.32835000000000003
FBhXSruOoHk,0.06,1.0698,0.30695
FBhXSruOoHk,0.07,1.0524,0.2895
FBhXSruOoHk,0.08,1.0421,0.27545000000000003
FBhXSruOoHk,0.09,1.0339,0.2641
FBhXSruOoHk,0.1,1.0236,0.25485
FBhXSruOoHk,0.11,1.0112999999999999,0.24719999999999998
FBhXSruOoHk,0.12,1.0031,0.24095
FBhXSruOoHk,0.13,1,0.23585
FBhXSruOoHk,0.14,0.963,0.2319
FBhXSruOoHk,0.15,0.9301999999999999,0.22895
FBhXSruOoHk,0.16,0.9045000000000001,0.2269
FBhXSruOoHk,0.17,0.8706,0.2257
FBhXSruOoHk,0.18,0.8563,0.2253
FBhXSruOoHk,0.19,0.8368000000000001,0.22550000000000003
FBhXSruOoHk,0.2,0.8172,0.2263
FBhXSruOoHk,0.21,0.7895,0.22760000000000002
FBhXSruOoHk,0.22,0.7720999999999999,0.22925
FBhXSruOoHk,0.23,0.7587,0.23120000000000002
FBhXSruOoHk,0.24,0.7536,0.23335
FBhXSruOoHk,0.25,0.7392,0.23565000000000003
FBhXSruOoHk,0.26,0.7218000000000001,0.23795
FBhXSruOoHk,0.27,0.7145999999999999,0.24024999999999996
FBhXSruOoHk,0.28,0.7084,0.2425
FBhXSruOoHk,0.29,0.6970999999999999,0.24455
FBhXSruOoHk,0.3,0.6766,0.24645
FBhXSruOoHk,0.31,0.6591,0.24819999999999998
FBhXSruOoHk,0.32,0.6386,0.24980000000000002
FBhXSruOoHk,0.33,0.6314,0.2512
FBhXSruOoHk,0.34,0.6181,0.25245
FBhXSruOoHk,0.35,0.6037,0.2536
FBhXSruOoHk,0.36,0.5893,0.2547
FBhXSruOoHk,0.37,0.5749,0.25579999999999997
FBhXSruOoHk,0.38,0.5585,0.25695
FBhXSruOoHk,0.39,0.5503,0.25815
FBhXSruOoHk,0.4,0.5462,0.25945
FBhXSruOoHk,0.41,0.537,0.2609
FBhXSruOoHk,0.42,0.5277000000000001,0.26245
FBhXSruOoHk,0.43,0.5257000000000001,0.26415
FBhXSruOoHk,0.44,0.5195000000000001,0.266
FBhXSruOoHk,0.45,0.5164,0.268
FBhXSruOoHk,0.46,0.5144,0.2701
FBhXSruOoHk,0.47,0.5021,0.2724
FBhXSruOoHk,0.48,0.49079999999999996,0.27485
FBhXSruOoHk,0.49,0.47950000000000004,0.27745
FBhXSruOoHk,0.5,0.47130000000000005,0.2802
FBhXSruOoHk,0.51,0.4569,0.28305
FBhXSruOoHk,0.52,0.4517,0.2861
FBhXSruOoHk,0.53,0.4497,0.2893
FBhXSruOoHk,0.54,0.4487,0.2926
FBhXSruOoHk,0.55,0.4435,0.29605000000000004
FBhXSruOoHk,0.56,0.4374,0.2996
FBhXSruOoHk,0.57,0.4343,0.30325
FBhXSruOoHk,0.58,0.4261,0.307
FBhXSruOoHk,0.59,0.41479999999999995,0.31079999999999997
FBhXSruOoHk,0.6,0.4117,0.3146
FBhXSruOoHk,0.61,0.4045,0.31845
FBhXSruOoHk,0.62,0.3953,0.32225000000000004
FBhXSruOoHk,0.63,0.3932,0.32594999999999996
FBhXSruOoHk,0.64,0.38909999999999995,0.3296
FBhXSruOoHk,0.65,0.3799,0.3332
FBhXSruOoHk,0.66,0.3747,0.33665
FBhXSruOoHk,0.67,0.3737,0.34009999999999996
FBhXSruOoHk,0.68,0.3676,0.34355
FBhXSruOoHk,0.69,0.3676,0.347
FBhXSruOoHk,0.7,0.3542,0.3506
FBhXSruOoHk,0.71,0.3522,0.3544
FBhXSruOoHk,0.72,0.34700000000000003,0.3584
FBhXSruOoHk,0.73,0.3419,0.3627
FBhXSruOoHk,0.74,0.3368,0.36724999999999997
FBhXSruOoHk,0.75,0.3306,0.3722
FBhXSruOoHk,0.76,0.3275,0.3775
FBhXSruOoHk,0.77,0.32549999999999996,0.38315
FBhXSruOoHk,0.78,0.31829999999999997,0.3893
FBhXSruOoHk,0.79,0.3172,0.39590000000000003
FBhXSruOoHk,0.8,0.309,0.403
FBhXSruOoHk,0.81,0.308,0.4106
FBhXSruOoHk,0.82,0.308,0.41875
FBhXSruOoHk,0.83,0.3029,0.4273
FBhXSruOoHk,0.84,0.3039,0.43620000000000003
FBhXSruOoHk,0.85,0.3018,0.4454
FBhXSruOoHk,0.86,0.3029,0.4547
FBhXSruOoHk,0.87,0.2988,0.46405
FBhXSruOoHk,0.88,0.2926,0.47325
FBhXSruOoHk,0.89,0.2844,0.48225
FBhXSruOoHk,0.9,0.2741,0.4909
FBhXSruOoHk,0.91,0.268,0.49915
FBhXSruOoHk,0.92,0.24230000000000002,0.5069
FBhXSruOoHk,0.93,0.2248,0.51415
FBhXSruOoHk,0.94,0.2043,0.5208
FBhXSruOoHk,0.95,0.1766,0.52685
FBhXSruOoHk,0.96,0.17149999999999999,0.53225
FBhXSruOoHk,0.97,0.154,0.537
FBhXSruOoHk,0.98,0.0719,0.5411
FBhXSruOoHk,0.99,0.0719,0.54445
FBhXSruOoHk,1,0.0719,0.54715
yCI8ZCJ1Q2I,0.01,1.2192,0.5404
yCI8ZCJ1Q2I,0.02,1.2087,0.52315
yCI8ZCJ1Q2I,0.03,1.199,0.5058
yCI8ZCJ1Q2I,0.04,1.1898,0.4889
yCI8ZCJ1Q2I,0.05,1.1703000000000001,0.47295
yCI8ZCJ1Q2I,0.06,1.1572,0.45835
yCI8ZCJ1Q2I,0.07,1.1533,0.44525000000000003
yCI8ZCJ1Q2I,0.08,1.1442,0.4337
yCI8ZCJ1Q2I,0.09,1.12,0.42364999999999997
yCI8ZCJ1Q2I,0.1,1.1129,0.41495
yCI8ZCJ1Q2I,0.11,1.105,0.40745
yCI8ZCJ1Q2I,0.12,1.0972,0.4009
yCI8ZCJ1Q2I,0.13,1.0848,0.39515
yCI8ZCJ1Q2I,0.14,1.075,0.39
yCI8ZCJ1Q2I,0.15,1.0672,0.38534999999999997
yCI8ZCJ1Q2I,0.16,1.06,0.38115
yCI8ZCJ1Q2I,0.17,1.0483,0.3773
yCI8ZCJ1Q2I,0.18,1.0352,0.3738
yCI8ZCJ1Q2I,0.19,1.0228,0.37065000000000003
yCI8ZCJ1Q2I,0.2,1.0144,0.3678
yCI8ZCJ1Q2I,0.21,0.9961,0.36519999999999997
yCI8ZCJ1Q2I,0.22,0.9706,0.36295
yCI8ZCJ1Q2I,0.23,0.9562999999999999,0.36095
yCI8ZCJ1Q2I,0.24,0.9478,0.35914999999999997
yCI8ZCJ1Q2I,0.25,0.9335,0.35765
yCI8ZCJ1Q2I,0.26,0.9237000000000001,0.3563
yCI8ZCJ1Q2I,0.27,0.9185,0.35519999999999996
yCI8ZCJ1Q2I,0.28,0.9118999999999999,0.35419999999999996
yCI8ZCJ1Q2I,0.29,0.9022,0.3534
yCI8ZCJ1Q2I,0.3,0.8956000000000001,0.3527
yCI8ZCJ1Q2I,0.31,0.8891,0.35209999999999997
yCI8ZCJ1Q2I,0.32,0.8839,0.35165
yCI8ZCJ1Q2I,0.33,0.8793000000000001,0.35125
yCI8ZCJ1Q2I,0.34,0.8741,0.35095
yCI8ZCJ1Q2I,0.35,0.8663,0.3507
yCI8ZCJ1Q2I,0.36,0.863,0.35045000000000004
yCI8ZCJ1Q2I,0.37,0.8584,0.3503
yCI8ZCJ1Q2I,0.38,0.8598,0.35015
yCI8ZCJ1Q2I,0.39,0.8545,0.35005
yCI8ZCJ1Q2I,0.4,0.8428,0.35
yCI8ZCJ1Q2I,0.41,0.8337,0.34995
yCI8ZCJ1Q2I,0.42,0.8239,0.34995
yCI8ZCJ1Q2I,0.43,0.8154,0.34995
yCI8ZCJ1Q2I,0.44,0.8043,0.35005
yCI8ZCJ1Q2I,0.45,0.7820999999999999,0.35019999999999996
yCI8ZCJ1Q2I,0.46,0.7743000000000001,0.35045000000000004
yCI8ZCJ1Q2I,0.47,0.7626000000000001,0.3508
yCI8ZCJ1Q2I,0.48,0.7554000000000001,0.35125
yCI8ZCJ1Q2I,0.49,0.7384000000000001,0.35185
yCI8ZCJ1Q2I,0.5,0.7293000000000001,0.3526
yCI8ZCJ1Q2I,0.51,0.7182,0.35350000000000004
yCI8ZCJ1Q2I,0.52,0.7104,0.3547
yCI8ZCJ1Q2I,0.53,0.696,0.35605
yCI8ZCJ1Q2I,0.54,0.6920999999999999,0.35775
yCI8ZCJ1Q2I,0.55,0.6856,0.3597
yCI8ZCJ1Q2I,0.56,0.6778,0.362
yCI8ZCJ1Q2I,0.57,0.6628000000000001,0.36465000000000003
yCI8ZCJ1Q2I,0.58,0.6568999999999999,0.3677
yCI8ZCJ1Q2I,0.59,0.6491,0.37115
yCI8ZCJ1Q2I,0.6,0.6451,0.375
yCI8ZCJ1Q2I,0.61,0.6412,0.37925
yCI8ZCJ1Q2I,0.62,0.6341,0.3839
yCI8ZCJ1Q2I,0.63,0.6256,0.3889
yCI8ZCJ1Q2I,0.64,0.6151,0.3943
yCI8ZCJ1Q2I,0.65,0.6086,0.4
yCI8ZCJ1Q2I,0.66,0.5969,0.406
yCI8ZCJ1Q2I,0.67,0.589,0.4122
yCI8ZCJ1Q2I,0.68,0.5766,0.41855
yCI8ZCJ1Q2I,0.69,0.5721,0.425
yCI8ZCJ1Q2I,0.7,0.5682,0.4315
yCI8ZCJ1Q2I,0.71,0.5616,0.43795
yCI8ZCJ1Q2I,0.72,0.5577000000000001,0.44435
yCI8ZCJ1Q2I,0.73,0.5519,0.4506
yCI8ZCJ1Q2I,0.74,0.5447,0.45675
yCI8ZCJ1Q2I,0.75,0.5375,0.46265
yCI8ZCJ1Q2I,0.76,0.5284,0.4684
yCI8ZCJ1Q2I,0.77,0.516,0.47395
yCI8ZCJ1Q2I,0.78,0.5082,0.4793
yCI8ZCJ1Q2I,0.79,0.49770000000000003,0.4845
yCI8ZCJ1Q2I,0.8,0.4925,0.48955
yCI8ZCJ1Q2I,0.81,0.4853,0.49455
yCI8ZCJ1Q2I,0.82,0.47950000000000004,0.49945
yCI8ZCJ1Q2I,0.83,0.4755,0.5044
yCI8ZCJ1Q2I,0.84,0.4703,0.50935
yCI8ZCJ1Q2I,0.85,0.4618,0.51435
yCI8ZCJ1Q2I,0.86,0.45399999999999996,0.51955
yCI8ZCJ1Q2I,0.87,0.4462,0.52485
yCI8ZCJ1Q2I,0.88,0.4384,0.53035
yCI8ZCJ1Q2I,0.89,0.41490000000000005,0.53605
yCI8ZCJ1Q2I,0.9,0.3862,0.5419
yCI8ZCJ1Q2I,0.91,0.3594,0.5479
yCI8ZCJ1Q2I,0.92,0.34049999999999997,0.5539499999999999
yCI8ZCJ1Q2I,0.93,0.2988,0.5601
yCI8ZCJ1Q2I,0.94,0.2864,0.56615
yCI8ZCJ1Q2I,0.95,0.2766,0.57205
yCI8ZCJ1Q2I,0.96,0.2648,0.5777
yCI8ZCJ1Q2I,0.97,0.22769999999999999,0.58305
yCI8ZCJ1Q2I,0.98,0.225,0.5879
yCI8ZCJ1Q2I,0.99,0.225,0.5922499999999999
yCI8ZCJ1Q2I,1,0.225,0.59605
isVEfRLvFiE,0.01,0.8715999999999999,0.3914
isVEfRLvFiE,0.02,0.0855,0.35545
isVEfRLvFiE,0.03,0.1137,0.35309999999999997
isVEfRLvFiE,0.04,0.1419,0.38605
isVEfRLvFiE,0.05,0.1435,0.4344
isVEfRLvFiE,0.06,0.17489999999999997,0.48405
isVEfRLvFiE,0.07,0.2377,0.51725
isVEfRLvFiE,0.08,0.1761,0.5237
isVEfRLvFiE,0.09,0.155,0.50745
isVEfRLvFiE,0.1,0.1383,0.48435
isVEfRLvFiE,0.11,0.1324,0.4738
isVEfRLvFiE,0.12,0.13,0.48085
isVEfRLvFiE,0.13,0.11800000000000001,0.49385
isVEfRLvFiE,0.14,0.10289999999999999,0.50385
isVEfRLvFiE,0.15,0.1065,0.51455
isVEfRLvFiE,0.16,0.1065,0.5292
isVEfRLvFiE,0.17,0.12240000000000001,0.5423
isVEfRLvFiE,0.18,0.11410000000000001,0.5486
isVEfRLvFiE,0.19,0.1137,0.5509
isVEfRLvFiE,0.2,0.11800000000000001,0.55375
isVEfRLvFiE,0.21,0.1244,0.55405
isVEfRLvFiE,0.22,0.12279999999999999,0.54475
isVEfRLvFiE,0.23,0.10099999999999999,0.5256
isVEfRLvFiE,0.24,0.091,0.5067
isVEfRLvFiE,0.25,0.0815,0.504
isVEfRLvFiE,0.26,0.0739,0.52825
isVEfRLvFiE,0.27,0.0779,0.5736
isVEfRLvFiE,0.28,0.0739,0.62435
isVEfRLvFiE,0.29,0.0727,0.67685
isVEfRLvFiE,0.3,0.0668,0.74195
isVEfRLvFiE,0.31,0.0692,0.8157
isVEfRLvFiE,0.32,0.0851,0.8729
isVEfRLvFiE,0.33,0.1343,0.90305
isVEfRLvFiE,0.34,0.1117,0.9157
isVEfRLvFiE,0.35,0.1025,0.91565
isVEfRLvFiE,0.36,0.0926,0.9009
isVEfRLvFiE,0.37,0.0882,0.8733
isVEfRLvFiE,0.38,0.0859,0.8348
isVEfRLvFiE,0.39,0.0751,0.7902
isVEfRLvFiE,0.4,0.0795,0.7557499999999999
isVEfRLvFiE,0.41,0.0799,0.7457
isVEfRLvFiE,0.42,0.08779999999999999,0.7515499999999999
isVEfRLvFiE,0.43,0.0978,0.75085
isVEfRLvFiE,0.44,0.1002,0.7323999999999999
isVEfRLvFiE,0.45,0.0946,0.70145
isVEfRLvFiE,0.46,0.09300000000000001,0.6703
isVEfRLvFiE,0.47,0.0767,0.64725
isVEfRLvFiE,0.48,0.0735,0.6313
isVEfRLvFiE,0.49,0.0692,0.6188
isVEfRLvFiE,0.5,0.08779999999999999,0.6093500000000001
isVEfRLvFiE,0.51,0.0739,0.6039
isVEfRLvFiE,0.52,0.0791,0.5997
isVEfRLvFiE,0.53,0.066,0.5947
isVEfRLvFiE,0.54,0.0703,0.5928
isVEfRLvFiE,0.55,0.0668,0.59775
isVEfRLvFiE,0.56,0.0795,0.6052500000000001
isVEfRLvFiE,0.57,0.0787,0.6097
isVEfRLvFiE,0.58,0.06559999999999999,0.6093500000000001
isVEfRLvFiE,0.59,0.0703,0.6043499999999999
isVEfRLvFiE,0.6,0.0556,0.59805
isVEfRLvFiE,0.61,0.0576,0.59935
isVEfRLvFiE,0.62,0.0552,0.6116
isVEfRLvFiE,0.63,0.0668,0.62515
isVEfRLvFiE,0.64,0.0703,0.62915
isVEfRLvFiE,0.65,0.07150000000000001,0.6205499999999999
isVEfRLvFiE,0.66,0.0719,0.6016
isVEfRLvFiE,0.67,0.064,0.5784
isVEfRLvFiE,0.68,0.0556,0.5603
isVEfRLvFiE,0.69,0.051699999999999996,0.5542
isVEfRLvFiE,0.7,0.0548,0.56055
isVEfRLvFiE,0.71,0.0529,0.5754
isVEfRLvFiE,0.72,0.0509,0.5948
isVEfRLvFiE,0.73,0.0537,0.61715
isVEfRLvFiE,0.74,0.0509,0.64295
isVEfRLvFiE,0.75,0.0429,0.6713
isVEfRLvFiE,0.76,0.0501,0.6980999999999999
isVEfRLvFiE,0.77,0.046900000000000004,0.7203999999999999
isVEfRLvFiE,0.78,0.0473,0.7381
isVEfRLvFiE,0.79,0.0493,0.75335
isVEfRLvFiE,0.8,0.0521,0.768
isVEfRLvFiE,0.81,0.0529,0.7820499999999999
isVEfRLvFiE,0.82,0.0473,0.79505
isVEfRLvFiE,0.83,0.0493,0.80645
isVEfRLvFiE,0.84,0.04650000000000001,0.8141
isVEfRLvFiE,0.85,0.0521,0.8173999999999999
isVEfRLvFiE,0.86,0.0787,0.81755
isVEfRLvFiE,0.87,0.0572,0.8154
isVEfRLvFiE,0.88,0.041299999999999996,0.8112
isVEfRLvFiE,0.89,0.0608,0.8053
isVEfRLvFiE,0.9,0.044500000000000005,0.79775
isVEfRLvFiE,0.91,0.0556,0.78865
isVEfRLvFiE,0.92,0.057999999999999996,0.7784
isVEfRLvFiE,0.93,0.04650000000000001,0.7661
isVEfRLvFiE,0.94,0.0461,0.7475499999999999
isVEfRLvFiE,0.95,0.04650000000000001,0.7194
isVEfRLvFiE,0.96,0.0449,0.68635
isVEfRLvFiE,0.97,0.044500000000000005,0.65295
isVEfRLvFiE,0.98,0.0378,0.61905
isVEfRLvFiE,0.99,0.0382,0.5866
isVEfRLvFiE,1,0.031,0.5635
Fv8HbB3_MkI,0.01,0.9498000000000001,0.28645
Fv8HbB3_MkI,0.02,0.40149999999999997,0.21199999999999997
Fv8HbB3_MkI,0.03,0.25739999999999996,0.1774
Fv8HbB3_MkI,0.04,0.2162,0.18964999999999999
Fv8HbB3_MkI,0.05,0.1943,0.21034999999999998
Fv8HbB3_MkI,0.06,0.175,0.22050000000000003
Fv8HbB3_MkI,0.07,0.1686,0.22135
Fv8HbB3_MkI,0.08,0.16219999999999998,0.22085
Fv8HbB3_MkI,0.09,0.1609,0.22410000000000002
Fv8HbB3_MkI,0.1,0.1557,0.23175
Fv8HbB3_MkI,0.11,0.1519,0.24180000000000001
Fv8HbB3_MkI,0.12,0.14029999999999998,0.2541
Fv8HbB3_MkI,0.13,0.1416,0.2716
Fv8HbB3_MkI,0.14,0.1313,0.29215
Fv8HbB3_MkI,0.15,0.1377,0.30300000000000005
Fv8HbB3_MkI,0.16,0.1326,0.2963
Fv8HbB3_MkI,0.17,0.12359999999999999,0.28364999999999996
Fv8HbB3_MkI,0.18,0.1223,0.28305
Fv8HbB3_MkI,0.19,0.1223,0.29910000000000003
Fv8HbB3_MkI,0.2,0.12480000000000001,0.3228
Fv8HbB3_MkI,0.21,0.12359999999999999,0.34199999999999997
Fv8HbB3_MkI,0.22,0.1223,0.3507
Fv8HbB3_MkI,0.23,0.1184,0.35109999999999997
Fv8HbB3_MkI,0.24,0.1158,0.34985
Fv8HbB3_MkI,0.25,0.1158,0.35265
Fv8HbB3_MkI,0.26,0.1133,0.36050000000000004
Fv8HbB3_MkI,0.27,0.1158,0.36945
Fv8HbB3_MkI,0.28,0.1042,0.37815
Fv8HbB3_MkI,0.29,0.1017,0.39425
Fv8HbB3_MkI,0.3,0.1017,0.4244
Fv8HbB3_MkI,0.31,0.10679999999999999,0.45894999999999997
Fv8HbB3_MkI,0.32,0.1158,0.4788
Fv8HbB3_MkI,0.33,0.0965,0.4756
Fv8HbB3_MkI,0.34,0.1042,0.4558
Fv8HbB3_MkI,0.35,0.09519999999999999,0.43305
Fv8HbB3_MkI,0.36,0.10300000000000001,0.4198
Fv8HbB3_MkI,0.37,0.09910000000000001,0.41855
Fv8HbB3_MkI,0.38,0.09910000000000001,0.42110000000000003
Fv8HbB3_MkI,0.39,0.0888,0.41935
Fv8HbB3_MkI,0.4,0.0888,0.4131
Fv8HbB3_MkI,0.41,0.09140000000000001,0.4068
Fv8HbB3_MkI,0.42,0.0824,0.40495
Fv8HbB3_MkI,0.43,0.0837,0.412
Fv8HbB3_MkI,0.44,0.0824,0.43225
Fv8HbB3_MkI,0.45,0.0849,0.46305
Fv8HbB3_MkI,0.46,0.0849,0.4896
Fv8HbB3_MkI,0.47,0.0875,0.495
Fv8HbB3_MkI,0.48,0.0862,0.4757
Fv8HbB3_MkI,0.49,0.0837,0.4458
Fv8HbB3_MkI,0.5,0.08109999999999999,0.4257
Fv8HbB3_MkI,0.51,0.0785,0.42464999999999997
Fv8HbB3_MkI,0.52,0.0785,0.43820000000000003
Fv8HbB3_MkI,0.53,0.0785,0.4568
Fv8HbB3_MkI,0.54,0.0746,0.47295
Fv8HbB3_MkI,0.55,0.0837,0.4863
Fv8HbB3_MkI,0.56,0.0759,0.5014
Fv8HbB3_MkI,0.57,0.07719999999999999,0.52055
Fv8HbB3_MkI,0.58,0.0785,0.5411
Fv8HbB3_MkI,0.59,0.0785,0.5551
Fv8HbB3_MkI,0.6,0.08109999999999999,0.55215
Fv8HbB3_MkI,0.61,0.0759,0.52705
Fv8HbB3_MkI,0.62,0.08109999999999999,0.48675
Fv8HbB3_MkI,0.63,0.07719999999999999,0.44775
Fv8HbB3_MkI,0.64,0.07339999999999999,0.4238
Fv8HbB3_MkI,0.65,0.0721,0.41725
Fv8HbB3_MkI,0.66,0.07719999999999999,0.42445
Fv8HbB3_MkI,0.67,0.07339999999999999,0.44265
Fv8HbB3_MkI,0.68,0.0708,0.46615
Fv8HbB3_MkI,0.69,0.0721,0.4821
Fv8HbB3_MkI,0.7,0.0695,0.47795
Fv8HbB3_MkI,0.71,0.0682,0.4533
Fv8HbB3_MkI,0.72,0.0695,0.4214
Fv8HbB3_MkI,0.73,0.0682,0.3974
Fv8HbB3_MkI,0.74,0.06559999999999999,0.3831
Fv8HbB3_MkI,0.75,0.0669,0.36845
Fv8HbB3_MkI,0.76,0.06559999999999999,0.34825
Fv8HbB3_MkI,0.77,0.0695,0.32945
Fv8HbB3_MkI,0.78,0.0669,0.3206
Fv8HbB3_MkI,0.79,0.06559999999999999,0.32204999999999995
Fv8HbB3_MkI,0.8,0.0669,0.33035000000000003
Fv8HbB3_MkI,0.81,0.0695,0.34825
Fv8HbB3_MkI,0.82,0.0605,0.37975
Fv8HbB3_MkI,0.83,0.061799999999999994,0.4168
Fv8HbB3_MkI,0.84,0.06309999999999999,0.4426
Fv8HbB3_MkI,0.85,0.0644,0.44830000000000003
Fv8HbB3_MkI,0.86,0.06309999999999999,0.44115
Fv8HbB3_MkI,0.87,0.0528,0.43795
Fv8HbB3_MkI,0.88,0.0553,0.4524
Fv8HbB3_MkI,0.89,0.0541,0.4865
Fv8HbB3_MkI,0.9,0.056600000000000004,0.5313
Fv8HbB3_MkI,0.91,0.051500000000000004,0.5767
Fv8HbB3_MkI,0.92,0.0579,0.61825
Fv8HbB3_MkI,0.93,0.0541,0.6527499999999999
Fv8HbB3_MkI,0.94,0.0541,0.6751
Fv8HbB3_MkI,0.95,0.056600000000000004,0.68465
Fv8HbB3_MkI,0.96,0.0541,0.69085
Fv8HbB3_MkI,0.97,0.056600000000000004,0.70715
Fv8HbB3_MkI,0.98,0.0541,0.7383
Fv8HbB3_MkI,0.99,0.0592,0.7744
Fv8HbB3_MkI,1,0.0605,0.80035
HYX2p_pChso,0.01,1.1554,0.5307
HYX2p_pChso,0.02,1.0959,0.46145
HYX2p_pChso,0.03,1.0415,0.40315
HYX2p_pChso,0.04,1.0104,0.36995
HYX2p_pChso,0.05,0.9974,0.35550000000000004
HYX2p_pChso,0.06,0.9793000000000001,0.35009999999999997
HYX2p_pChso,0.07,0.9326000000000001,0.34904999999999997
HYX2p_pChso,0.08,0.8523000000000001,0.3504
HYX2p_pChso,0.09,0.8057,0.35305
HYX2p_pChso,0.1,0.7617,0.35635
HYX2p_pChso,0.11,0.7306,0.36019999999999996
HYX2p_pChso,0.12,0.6839,0.3648
HYX2p_pChso,0.13,0.6579999999999999,0.37039999999999995
HYX2p_pChso,0.14,0.6295000000000001,0.3767
HYX2p_pChso,0.15,0.6062,0.3834
HYX2p_pChso,0.16,0.601,0.3901
HYX2p_pChso,0.17,0.5881000000000001,0.39655
HYX2p_pChso,0.18,0.5855,0.40255
HYX2p_pChso,0.19,0.5648,0.4082
HYX2p_pChso,0.2,0.5466,0.41365
HYX2p_pChso,0.21,0.5363,0.4189
HYX2p_pChso,0.22,0.5259,0.42410000000000003
HYX2p_pChso,0.23,0.5052,0.42915000000000003
HYX2p_pChso,0.24,0.4819,0.434
HYX2p_pChso,0.25,0.47409999999999997,0.4389
HYX2p_pChso,0.26,0.4715,0.44395
HYX2p_pChso,0.27,0.4637,0.44925
HYX2p_pChso,0.28,0.4534,0.4547
HYX2p_pChso,0.29,0.4456,0.4602
HYX2p_pChso,0.3,0.43520000000000003,0.4656
HYX2p_pChso,0.31,0.42229999999999995,0.4709
HYX2p_pChso,0.32,0.4171,0.4761
HYX2p_pChso,0.33,0.4093,0.48135
HYX2p_pChso,0.34,0.40159999999999996,0.48685
HYX2p_pChso,0.35,0.39899999999999997,0.4925
HYX2p_pChso,0.36,0.40159999999999996,0.4981
HYX2p_pChso,0.37,0.39899999999999997,0.5036
HYX2p_pChso,0.38,0.39380000000000004,0.50905
HYX2p_pChso,0.39,0.386,0.5144
HYX2p_pChso,0.4,0.386,0.51975
HYX2p_pChso,0.41,0.38079999999999997,0.52495
HYX2p_pChso,0.42,0.3782,0.5299
HYX2p_pChso,0.43,0.37310000000000004,0.5345
HYX2p_pChso,0.44,0.37310000000000004,0.53865
HYX2p_pChso,0.45,0.37310000000000004,0.5425
HYX2p_pChso,0.46,0.3705,0.5461
HYX2p_pChso,0.47,0.3679,0.5497
HYX2p_pChso,0.48,0.3679,0.55355
HYX2p_pChso,0.49,0.3601,0.5579
HYX2p_pChso,0.5,0.35229999999999995,0.5628
HYX2p_pChso,0.51,0.3497,0.5683
HYX2p_pChso,0.52,0.3497,0.57455
HYX2p_pChso,0.53,0.342,0.5818
HYX2p_pChso,0.54,0.342,0.59035
HYX2p_pChso,0.55,0.3368,0.6001
HYX2p_pChso,0.56,0.3368,0.6108
HYX2p_pChso,0.57,0.33159999999999995,0.62225
HYX2p_pChso,0.58,0.33159999999999995,0.6342
HYX2p_pChso,0.59,0.32899999999999996,0.64665
HYX2p_pChso,0.6,0.3212,0.65935
HYX2p_pChso,0.61,0.3187,0.67205
HYX2p_pChso,0.62,0.3187,0.6846
HYX2p_pChso,0.63,0.3135,0.69695
HYX2p_pChso,0.64,0.30829999999999996,0.7089
HYX2p_pChso,0.65,0.3057,0.7203999999999999
HYX2p_pChso,0.66,0.2927,0.7313
HYX2p_pChso,0.67,0.2876,0.74155
HYX2p_pChso,0.68,0.2902,0.751
HYX2p_pChso,0.69,0.2927,0.7596
HYX2p_pChso,0.7,0.2953,0.76725
HYX2p_pChso,0.71,0.2953,0.7742
HYX2p_pChso,0.72,0.2953,0.7803
HYX2p_pChso,0.73,0.2979,0.78565
HYX2p_pChso,0.74,0.3031,0.7901
HYX2p_pChso,0.75,0.2979,0.7938000000000001
HYX2p_pChso,0.76,0.2953,0.7968
HYX2p_pChso,0.77,0.2927,0.7990999999999999
HYX2p_pChso,0.78,0.2927,0.8007500000000001
HYX2p_pChso,0.79,0.2876,0.8016
HYX2p_pChso,0.8,0.2902,0.8016
HYX2p_pChso,0.81,0.2927,0.8006
HYX2p_pChso,0.82,0.2902,0.7985
HYX2p_pChso,0.83,0.2876,0.7948999999999999
HYX2p_pChso,0.84,0.2824,0.7898000000000001
HYX2p_pChso,0.85,0.2824,0.7835000000000001
HYX2p_pChso,0.86,0.2798,0.7764
HYX2p_pChso,0.87,0.2772,0.7689999999999999
HYX2p_pChso,0.88,0.2772,0.7616
HYX2p_pChso,0.89,0.2798,0.7544500000000001
HYX2p_pChso,0.9,0.2824,0.7476
HYX2p_pChso,0.91,0.2798,0.7411
HYX2p_pChso,0.92,0.2824,0.7349
HYX2p_pChso,0.93,0.2824,0.7292000000000001
HYX2p_pChso,0.94,0.2824,0.7239
HYX2p_pChso,0.95,0.2642,0.719
HYX2p_pChso,0.96,0.2565,0.7145
HYX2p_pChso,0.97,0.25129999999999997,0.7101999999999999
HYX2p_pChso,0.98,0.2228,0.7061499999999999
HYX2p_pChso,0.99,0.1917,0.7026
HYX2p_pChso,1,0.17620000000000002,0.7
YO7lMaqjy1A,0.01,0.9876999999999999,0.5810500000000001
YO7lMaqjy1A,0.02,0.07200000000000001,0.45515
YO7lMaqjy1A,0.03,0.0638,0.34875
YO7lMaqjy1A,0.04,0.07200000000000001,0.316
YO7lMaqjy1A,0.05,0.09880000000000001,0.354
YO7lMaqjy1A,0.06,0.1008,0.42464999999999997
YO7lMaqjy1A,0.07,0.1152,0.4821
YO7lMaqjy1A,0.08,0.12960000000000002,0.50915
YO7lMaqjy1A,0.09,0.1317,0.51065
YO7lMaqjy1A,0.1,0.08439999999999999,0.4882
YO7lMaqjy1A,0.11,0.0864,0.44184999999999997
YO7lMaqjy1A,0.12,0.0658,0.3953
YO7lMaqjy1A,0.13,0.0741,0.383
YO7lMaqjy1A,0.14,0.0617,0.40415
YO7lMaqjy1A,0.15,0.0679,0.42815000000000003
YO7lMaqjy1A,0.16,0.0638,0.43255
YO7lMaqjy1A,0.17,0.0658,0.41955
YO7lMaqjy1A,0.18,0.0576,0.41255000000000003
YO7lMaqjy1A,0.19,0.0617,0.4338
YO7lMaqjy1A,0.2,0.0638,0.47555000000000003
YO7lMaqjy1A,0.21,0.0535,0.5075
YO7lMaqjy1A,0.22,0.0679,0.50995
YO7lMaqjy1A,0.23,0.0576,0.4911
YO7lMaqjy1A,0.24,0.059699999999999996,0.4822
YO7lMaqjy1A,0.25,0.0679,0.5053
YO7lMaqjy1A,0.26,0.0535,0.54735
YO7lMaqjy1A,0.27,0.059699999999999996,0.5754
YO7lMaqjy1A,0.28,0.0576,0.5607
YO7lMaqjy1A,0.29,0.049400000000000006,0.49775
YO7lMaqjy1A,0.3,0.0473,0.42469999999999997
YO7lMaqjy1A,0.31,0.0453,0.3979
YO7lMaqjy1A,0.32,0.0473,0.43525
YO7lMaqjy1A,0.33,0.0432,0.5109
YO7lMaqjy1A,0.34,0.0453,0.5777
YO7lMaqjy1A,0.35,0.0473,0.6023499999999999
YO7lMaqjy1A,0.36,0.0473,0.58595
YO7lMaqjy1A,0.37,0.0535,0.5568
YO7lMaqjy1A,0.38,0.0412,0.5467
YO7lMaqjy1A,0.39,0.051399999999999994,0.56085
YO7lMaqjy1A,0.4,0.0473,0.5783
YO7lMaqjy1A,0.41,0.0432,0.58945
YO7lMaqjy1A,0.42,0.0453,0.6144000000000001
YO7lMaqjy1A,0.43,0.0535,0.66045
YO7lMaqjy1A,0.44,0.0432,0.6964
YO7lMaqjy1A,0.45,0.0412,0.70275
YO7lMaqjy1A,0.46,0.037000000000000005,0.71065
YO7lMaqjy1A,0.47,0.037000000000000005,0.75795
YO7lMaqjy1A,0.48,0.037000000000000005,0.82775
YO7lMaqjy1A,0.49,0.0556,0.87605
YO7lMaqjy1A,0.5,0.0658,0.88365
YO7lMaqjy1A,0.51,0.0412,0.8458
YO7lMaqjy1A,0.52,0.037000000000000005,0.7637499999999999
YO7lMaqjy1A,0.53,0.051399999999999994,0.6676
YO7lMaqjy1A,0.54,0.0432,0.6017
YO7lMaqjy1A,0.55,0.0432,0.58705
YO7lMaqjy1A,0.56,0.0412,0.6245499999999999
YO7lMaqjy1A,0.57,0.0453,0.6901
YO7lMaqjy1A,0.58,0.0473,0.73385
YO7lMaqjy1A,0.59,0.0412,0.7326
YO7lMaqjy1A,0.6,0.0391,0.7092
YO7lMaqjy1A,0.61,0.0412,0.69095
YO7lMaqjy1A,0.62,0.0453,0.67725
YO7lMaqjy1A,0.63,0.0391,0.65985
YO7lMaqjy1A,0.64,0.035,0.64925
YO7lMaqjy1A,0.65,0.0576,0.6615
YO7lMaqjy1A,0.66,0.0391,0.6862
YO7lMaqjy1A,0.67,0.0576,0.68515
YO7lMaqjy1A,0.68,0.0432,0.63485
YO7lMaqjy1A,0.69,0.0391,0.56085
YO7lMaqjy1A,0.7,0.0391,0.5128
YO7lMaqjy1A,0.71,0.0412,0.50495
YO7lMaqjy1A,0.72,0.0329,0.5196
YO7lMaqjy1A,0.73,0.0453,0.55295
YO7lMaqjy1A,0.74,0.037000000000000005,0.62445
YO7lMaqjy1A,0.75,0.035,0.72585
YO7lMaqjy1A,0.76,0.0412,0.8059499999999999
YO7lMaqjy1A,0.77,0.0432,0.8284
YO7lMaqjy1A,0.78,0.0329,0.78605
YO7lMaqjy1A,0.79,0.0329,0.7027
YO7lMaqjy1A,0.8,0.037000000000000005,0.6418
YO7lMaqjy1A,0.81,0.035,0.6399
YO7lMaqjy1A,0.82,0.0412,0.66275
YO7lMaqjy1A,0.83,0.0432,0.65745
YO7lMaqjy1A,0.84,0.035,0.61675
YO7lMaqjy1A,0.85,0.0432,0.5774
YO7lMaqjy1A,0.86,0.0453,0.5782
YO7lMaqjy1A,0.87,0.0453,0.6355500000000001
YO7lMaqjy1A,0.88,0.0391,0.72185
YO7lMaqjy1A,0.89,0.0432,0.7788999999999999
YO7lMaqjy1A,0.9,0.051399999999999994,0.78255
YO7lMaqjy1A,0.91,0.049400000000000006,0.74325
YO7lMaqjy1A,0.92,0.0473,0.6799
YO7lMaqjy1A,0.93,0.0329,0.621
YO7lMaqjy1A,0.94,0.035,0.5861
YO7lMaqjy1A,0.95,0.035,0.55745
YO7lMaqjy1A,0.96,0.037000000000000005,0.5093
YO7lMaqjy1A,0.97,0.0412,0.45115
YO7lMaqjy1A,0.98,0.024700000000000003,0.4105
YO7lMaqjy1A,0.99,0.024700000000000003,0.39315
YO7lMaqjy1A,1,0.0329,0.38805
gpemsZDlfQg,0.01,1.1401999999999999,0.5002
gpemsZDlfQg,0.02,1.092,0.43820000000000003
gpemsZDlfQg,0.03,1.0529000000000002,0.3819
gpemsZDlfQg,0.04,1.0276,0.34240000000000004
gpemsZDlfQg,0.05,0.9954000000000001,0.31820000000000004
gpemsZDlfQg,0.06,0.9862000000000001,0.3029
gpemsZDlfQg,0.07,0.9678,0.2923
gpemsZDlfQg,0.08,0.8966,0.2849
gpemsZDlfQg,0.09,0.8299,0.2803
gpemsZDlfQg,0.1,0.7862,0.27805
gpemsZDlfQg,0.11,0.7356,0.2776
gpemsZDlfQg,0.12,0.7056999999999999,0.27835
gpemsZDlfQg,0.13,0.6897,0.2796
gpemsZDlfQg,0.14,0.6529,0.28059999999999996
gpemsZDlfQg,0.15,0.6437,0.28085000000000004
gpemsZDlfQg,0.16,0.5931000000000001,0.28005
gpemsZDlfQg,0.17,0.5632,0.2785
gpemsZDlfQg,0.18,0.5333,0.2768
gpemsZDlfQg,0.19,0.5172,0.27575
gpemsZDlfQg,0.2,0.49200000000000005,0.27615
gpemsZDlfQg,0.21,0.4805,0.27845
gpemsZDlfQg,0.22,0.4575,0.28274999999999995
gpemsZDlfQg,0.23,0.4391,0.28890000000000005
gpemsZDlfQg,0.24,0.4207,0.2963
gpemsZDlfQg,0.25,0.4138,0.30445
gpemsZDlfQg,0.26,0.4,0.31284999999999996
gpemsZDlfQg,0.27,0.3908,0.3211
gpemsZDlfQg,0.28,0.3862,0.32894999999999996
gpemsZDlfQg,0.29,0.3885,0.33614999999999995
gpemsZDlfQg,0.3,0.38159999999999994,0.34265
gpemsZDlfQg,0.31,0.3655,0.34825
gpemsZDlfQg,0.32,0.3655,0.353
gpemsZDlfQg,0.33,0.3655,0.35695
gpemsZDlfQg,0.34,0.3563,0.36025
gpemsZDlfQg,0.35,0.34020000000000006,0.3631
gpemsZDlfQg,0.36,0.3264,0.36565000000000003
gpemsZDlfQg,0.37,0.31489999999999996,0.3681
gpemsZDlfQg,0.38,0.3172,0.37065000000000003
gpemsZDlfQg,0.39,0.3011,0.37365000000000004
gpemsZDlfQg,0.4,0.2897,0.37734999999999996
gpemsZDlfQg,0.41,0.2851,0.38205
gpemsZDlfQg,0.42,0.2782,0.3877
gpemsZDlfQg,0.43,0.26899999999999996,0.394
gpemsZDlfQg,0.44,0.2713,0.40065
gpemsZDlfQg,0.45,0.2667,0.40745
gpemsZDlfQg,0.46,0.25980000000000003,0.4146
gpemsZDlfQg,0.47,0.2529,0.42269999999999996
gpemsZDlfQg,0.48,0.2483,0.43235
gpemsZDlfQg,0.49,0.24600000000000002,0.44425
gpemsZDlfQg,0.5,0.2414,0.45894999999999997
gpemsZDlfQg,0.51,0.2391,0.47725
gpemsZDlfQg,0.52,0.2368,0.49975
gpemsZDlfQg,0.53,0.2368,0.52705
gpemsZDlfQg,0.54,0.2368,0.55925
gpemsZDlfQg,0.55,0.2391,0.596
gpemsZDlfQg,0.56,0.2391,0.63625
gpemsZDlfQg,0.57,0.2345,0.6784
gpemsZDlfQg,0.58,0.2345,0.72035
gpemsZDlfQg,0.59,0.2368,0.76005
gpemsZDlfQg,0.6,0.2391,0.79565
gpemsZDlfQg,0.61,0.2368,0.82585
gpemsZDlfQg,0.62,0.2391,0.85
gpemsZDlfQg,0.63,0.24600000000000002,0.8679
gpemsZDlfQg,0.64,0.24600000000000002,0.88
gpemsZDlfQg,0.65,0.2506,0.8871500000000001
gpemsZDlfQg,0.66,0.2506,0.8907
gpemsZDlfQg,0.67,0.2483,0.89205
gpemsZDlfQg,0.68,0.2437,0.89215
gpemsZDlfQg,0.69,0.2437,0.8914500000000001
gpemsZDlfQg,0.7,0.2414,0.89005
gpemsZDlfQg,0.71,0.24600000000000002,0.8881
gpemsZDlfQg,0.72,0.24600000000000002,0.88565
gpemsZDlfQg,0.73,0.24600000000000002,0.8826
gpemsZDlfQg,0.74,0.24600000000000002,0.8787
gpemsZDlfQg,0.75,0.2483,0.8734500000000001
gpemsZDlfQg,0.76,0.24600000000000002,0.8661
gpemsZDlfQg,0.77,0.2506,0.85585
gpemsZDlfQg,0.78,0.2575,0.8425
gpemsZDlfQg,0.79,0.25980000000000003,0.8261000000000001
gpemsZDlfQg,0.8,0.25980000000000003,0.8068500000000001
gpemsZDlfQg,0.81,0.2575,0.7848999999999999
gpemsZDlfQg,0.82,0.2575,0.76065
gpemsZDlfQg,0.83,0.2575,0.73455
gpemsZDlfQg,0.84,0.2575,0.7073
gpemsZDlfQg,0.85,0.2552,0.6797
gpemsZDlfQg,0.86,0.2575,0.65255
gpemsZDlfQg,0.87,0.2506,0.62695
gpemsZDlfQg,0.88,0.2506,0.6039
gpemsZDlfQg,0.89,0.2414,0.5842
gpemsZDlfQg,0.9,0.2391,0.5683
gpemsZDlfQg,0.91,0.2368,0.5562
gpemsZDlfQg,0.92,0.2345,0.54765
gpemsZDlfQg,0.93,0.2345,0.54255
gpemsZDlfQg,0.94,0.2299,0.54085
gpemsZDlfQg,0.95,0.1977,0.54265
gpemsZDlfQg,0.96,0.1632,0.5479
gpemsZDlfQg,0.97,0.1402,0.556
gpemsZDlfQg,0.98,0.1333,0.5656
gpemsZDlfQg,0.99,0.1195,0.5749
gpemsZDlfQg,1,0.11259999999999999,0.58215
sJREVWUsDRY,0.01,0.9533,0.53545
sJREVWUsDRY,0.02,0.1051,0.41835
sJREVWUsDRY,0.03,0.10890000000000001,0.31055
sJREVWUsDRY,0.04,0.0895,0.23195
sJREVWUsDRY,0.05,0.08560000000000001,0.17405000000000004
sJREVWUsDRY,0.06,0.0934,0.1375
sJREVWUsDRY,0.07,0.0739,0.119
sJREVWUsDRY,0.08,0.0506,0.11630000000000001
sJREVWUsDRY,0.09,0.0661,0.13340000000000002
sJREVWUsDRY,0.1,0.0506,0.18309999999999998
sJREVWUsDRY,0.11,0.0506,0.2697
sJREVWUsDRY,0.12,0.0584,0.35609999999999997
sJREVWUsDRY,0.13,0.0895,0.386
sJREVWUsDRY,0.14,0.07,0.33840000000000003
sJREVWUsDRY,0.15,0.0467,0.2471
sJREVWUsDRY,0.16,0.0584,0.17469999999999997
sJREVWUsDRY,0.17,0.0467,0.14795000000000003
sJREVWUsDRY,0.18,0.038900000000000004,0.15665
sJREVWUsDRY,0.19,0.0545,0.18845
sJREVWUsDRY,0.2,0.0506,0.23025
sJREVWUsDRY,0.21,0.0584,0.25815
sJREVWUsDRY,0.22,0.035,0.2575
sJREVWUsDRY,0.23,0.0545,0.24879999999999997
sJREVWUsDRY,0.24,0.0545,0.26245
sJREVWUsDRY,0.25,0.038900000000000004,0.29925
sJREVWUsDRY,0.26,0.0506,0.32694999999999996
sJREVWUsDRY,0.27,0.0311,0.32145
sJREVWUsDRY,0.28,0.035,0.3013
sJREVWUsDRY,0.29,0.038900000000000004,0.2992
sJREVWUsDRY,0.3,0.035,0.33265
sJREVWUsDRY,0.31,0.035,0.4119
sJREVWUsDRY,0.32,0.0311,0.5362
sJREVWUsDRY,0.33,0.038900000000000004,0.67415
sJREVWUsDRY,0.34,0.035,0.78405
sJREVWUsDRY,0.35,0.035,0.84995
sJREVWUsDRY,0.36,0.038900000000000004,0.8772500000000001
sJREVWUsDRY,0.37,0.038900000000000004,0.87305
sJREVWUsDRY,0.38,0.0467,0.84605
sJREVWUsDRY,0.39,0.035,0.8242499999999999
sJREVWUsDRY,0.4,0.038900000000000004,0.8295
sJREVWUsDRY,0.41,0.0506,0.84135
sJREVWUsDRY,0.42,0.0506,0.8319
sJREVWUsDRY,0.43,0.042800000000000005,0.79245
sJREVWUsDRY,0.44,0.042800000000000005,0.72025
sJREVWUsDRY,0.45,0.035,0.61315
sJREVWUsDRY,0.46,0.035,0.48605
sJREVWUsDRY,0.47,0.038900000000000004,0.37885
sJREVWUsDRY,0.48,0.0311,0.3276
sJREVWUsDRY,0.49,0.0311,0.33975
sJREVWUsDRY,0.5,0.0233,0.39625
sJREVWUsDRY,0.51,0.0311,0.46205
sJREVWUsDRY,0.52,0.035,0.52005
sJREVWUsDRY,0.53,0.0233,0.57235
sJREVWUsDRY,0.54,0.035,0.61185
sJREVWUsDRY,0.55,0.038900000000000004,0.6299
sJREVWUsDRY,0.56,0.035,0.62615
sJREVWUsDRY,0.57,0.0311,0.6051
sJREVWUsDRY,0.58,0.027200000000000002,0.57825
sJREVWUsDRY,0.59,0.038900000000000004,0.55635
sJREVWUsDRY,0.6,0.0195,0.54625
sJREVWUsDRY,0.61,0.0233,0.5705
sJREVWUsDRY,0.62,0.0233,0.64255
sJREVWUsDRY,0.63,0.0233,0.7307
sJREVWUsDRY,0.64,0.0195,0.79775
sJREVWUsDRY,0.65,0.035,0.8377000000000001
sJREVWUsDRY,0.66,0.0311,0.8573
sJREVWUsDRY,0.67,0.0233,0.8526
sJREVWUsDRY,0.68,0.0233,0.8258
sJREVWUsDRY,0.69,0.0311,0.79835
sJREVWUsDRY,0.7,0.027200000000000002,0.77105
sJREVWUsDRY,0.71,0.0195,0.7161
sJREVWUsDRY,0.72,0.027200000000000002,0.63835
sJREVWUsDRY,0.73,0.0195,0.57955
sJREVWUsDRY,0.74,0.0311,0.5607
sJREVWUsDRY,0.75,0.0311,0.5827
sJREVWUsDRY,0.76,0.0233,0.6459
sJREVWUsDRY,0.77,0.027200000000000002,0.7313500000000001
sJREVWUsDRY,0.78,0.0311,0.796
sJREVWUsDRY,0.79,0.0233,0.8237
sJREVWUsDRY,0.8,0.0195,0.8289500000000001
sJREVWUsDRY,0.81,0.027200000000000002,0.8201
sJREVWUsDRY,0.82,0.027200000000000002,0.8035
sJREVWUsDRY,0.83,0.0195,0.8055
sJREVWUsDRY,0.84,0.0233,0.83885
sJREVWUsDRY,0.85,0.0311,0.8704000000000001
sJREVWUsDRY,0.86,0.0311,0.8585
sJREVWUsDRY,0.87,0.027200000000000002,0.7867999999999999
sJREVWUsDRY,0.88,0.0195,0.6818
sJREVWUsDRY,0.89,0.0311,0.59745
sJREVWUsDRY,0.9,0.0467,0.54985
sJREVWUsDRY,0.91,0.035,0.52245
sJREVWUsDRY,0.92,0.027200000000000002,0.50355
sJREVWUsDRY,0.93,0.0311,0.48835
sJREVWUsDRY,0.94,0.038900000000000004,0.4734
sJREVWUsDRY,0.95,0.038900000000000004,0.45605
sJREVWUsDRY,0.96,0.038900000000000004,0.43455
sJREVWUsDRY,0.97,0.027200000000000002,0.40705
sJREVWUsDRY,0.98,0.0195,0.3759
sJREVWUsDRY,0.99,0.0311,0.35119999999999996
sJREVWUsDRY,1,0.027200000000000002,0.3396
Fe5DlqRh6pY,0.01,0.8403,0.3545
Fe5DlqRh6pY,0.02,0.1394,0.3022
Fe5DlqRh6pY,0.03,0.15810000000000002,0.28075
Fe5DlqRh6pY,0.04,0.1604,0.2944
Fe5DlqRh6pY,0.05,0.1371,0.3271
Fe5DlqRh6pY,0.06,0.1332,0.37845
Fe5DlqRh6pY,0.07,0.1324,0.43715
Fe5DlqRh6pY,0.08,0.1386,0.4798
Fe5DlqRh6pY,0.09,0.1386,0.49675
Fe5DlqRh6pY,0.1,0.1301,0.4976
Fe5DlqRh6pY,0.11,0.13470000000000001,0.49655
Fe5DlqRh6pY,0.12,0.1137,0.5008
Fe5DlqRh6pY,0.13,0.11449999999999999,0.5083
Fe5DlqRh6pY,0.14,0.1231,0.5138
Fe5DlqRh6pY,0.15,0.1137,0.51495
Fe5DlqRh6pY,0.16,0.0981,0.51425
Fe5DlqRh6pY,0.17,0.1036,0.51675
Fe5DlqRh6pY,0.18,0.0958,0.5234
Fe5DlqRh6pY,0.19,0.0872,0.52905
Fe5DlqRh6pY,0.2,0.0935,0.5271
Fe5DlqRh6pY,0.21,0.0888,0.51425
Fe5DlqRh6pY,0.22,0.08410000000000001,0.494
Fe5DlqRh6pY,0.23,0.0802,0.4796
Fe5DlqRh6pY,0.24,0.0787,0.48655
Fe5DlqRh6pY,0.25,0.0787,0.51555
Fe5DlqRh6pY,0.26,0.0779,0.55095
Fe5DlqRh6pY,0.27,0.06849999999999999,0.5794
Fe5DlqRh6pY,0.28,0.0732,0.59845
Fe5DlqRh6pY,0.29,0.0724,0.60955
Fe5DlqRh6pY,0.3,0.0779,0.61165
Fe5DlqRh6pY,0.31,0.0678,0.6027
Fe5DlqRh6pY,0.32,0.0646,0.58795
Fe5DlqRh6pY,0.33,0.0592,0.584
Fe5DlqRh6pY,0.34,0.061500000000000006,0.6043499999999999
Fe5DlqRh6pY,0.35,0.0701,0.6401
Fe5DlqRh6pY,0.36,0.0724,0.67225
Fe5DlqRh6pY,0.37,0.06,0.694
Fe5DlqRh6pY,0.38,0.07400000000000001,0.70735
Fe5DlqRh6pY,0.39,0.0623,0.7139
Fe5DlqRh6pY,0.4,0.0701,0.71315
Fe5DlqRh6pY,0.41,0.0654,0.6991499999999999
Fe5DlqRh6pY,0.42,0.052199999999999996,0.6671
Fe5DlqRh6pY,0.43,0.0545,0.6299
Fe5DlqRh6pY,0.44,0.0592,0.6103
Fe5DlqRh6pY,0.45,0.0623,0.6092500000000001
Fe5DlqRh6pY,0.46,0.049800000000000004,0.6096
Fe5DlqRh6pY,0.47,0.0475,0.60215
Fe5DlqRh6pY,0.48,0.0537,0.59145
Fe5DlqRh6pY,0.49,0.0506,0.59095
Fe5DlqRh6pY,0.5,0.051399999999999994,0.614
Fe5DlqRh6pY,0.51,0.0483,0.65915
Fe5DlqRh6pY,0.52,0.0537,0.7062999999999999
Fe5DlqRh6pY,0.53,0.0545,0.73435
Fe5DlqRh6pY,0.54,0.061500000000000006,0.7336
Fe5DlqRh6pY,0.55,0.049800000000000004,0.7013
Fe5DlqRh6pY,0.56,0.049100000000000005,0.64245
Fe5DlqRh6pY,0.57,0.049800000000000004,0.57825
Fe5DlqRh6pY,0.58,0.042800000000000005,0.53735
Fe5DlqRh6pY,0.59,0.0436,0.53515
Fe5DlqRh6pY,0.6,0.0506,0.5706
Fe5DlqRh6pY,0.61,0.0405,0.6319
Fe5DlqRh6pY,0.62,0.038900000000000004,0.6948
Fe5DlqRh6pY,0.63,0.0553,0.73165
Fe5DlqRh6pY,0.64,0.0506,0.73045
Fe5DlqRh6pY,0.65,0.0467,0.70195
Fe5DlqRh6pY,0.66,0.046,0.6725
Fe5DlqRh6pY,0.67,0.041299999999999996,0.6661
Fe5DlqRh6pY,0.68,0.0405,0.6885
Fe5DlqRh6pY,0.69,0.0436,0.72745
Fe5DlqRh6pY,0.7,0.0444,0.7653000000000001
Fe5DlqRh6pY,0.71,0.046,0.7900499999999999
Fe5DlqRh6pY,0.72,0.049100000000000005,0.79755
Fe5DlqRh6pY,0.73,0.046,0.79035
Fe5DlqRh6pY,0.74,0.0545,0.77285
Fe5DlqRh6pY,0.75,0.051399999999999994,0.7461
Fe5DlqRh6pY,0.76,0.0537,0.7095
Fe5DlqRh6pY,0.77,0.0452,0.66925
Fe5DlqRh6pY,0.78,0.0421,0.64195
Fe5DlqRh6pY,0.79,0.0421,0.63415
Fe5DlqRh6pY,0.8,0.049800000000000004,0.63105
Fe5DlqRh6pY,0.81,0.0506,0.61855
Fe5DlqRh6pY,0.82,0.0397,0.5948
Fe5DlqRh6pY,0.83,0.0374,0.5629
Fe5DlqRh6pY,0.84,0.038900000000000004,0.5257
Fe5DlqRh6pY,0.85,0.031200000000000002,0.4895
Fe5DlqRh6pY,0.86,0.031200000000000002,0.47005
Fe5DlqRh6pY,0.87,0.0273,0.4819
Fe5DlqRh6pY,0.88,0.0288,0.5175
Fe5DlqRh6pY,0.89,0.0335,0.5528
Fe5DlqRh6pY,0.9,0.0374,0.5742
Fe5DlqRh6pY,0.91,0.031200000000000002,0.59055
Fe5DlqRh6pY,0.92,0.0304,0.6158
Fe5DlqRh6pY,0.93,0.0327,0.64675
Fe5DlqRh6pY,0.94,0.0397,0.67005
Fe5DlqRh6pY,0.95,0.0304,0.6801
Fe5DlqRh6pY,0.96,0.0421,0.67955
Fe5DlqRh6pY,0.97,0.0288,0.6682
Fe5DlqRh6pY,0.98,0.027999999999999997,0.64035
Fe5DlqRh6pY,0.99,0.023399999999999997,0.598
Fe5DlqRh6pY,1,0.0218,0.55975
93CssslGZvc,0.01,0.9006000000000001,0.38125
93CssslGZvc,0.02,0.1215,0.29225
93CssslGZvc,0.03,0.1492,0.22749999999999998
93CssslGZvc,0.04,0.12710000000000002,0.19984999999999997
93CssslGZvc,0.05,0.09939999999999999,0.1875
93CssslGZvc,0.06,0.1215,0.1794
93CssslGZvc,0.07,0.11599999999999999,0.16909999999999997
93CssslGZvc,0.08,0.105,0.15600000000000003
93CssslGZvc,0.09,0.11599999999999999,0.14555
93CssslGZvc,0.1,0.07730000000000001,0.14390000000000003
93CssslGZvc,0.11,0.07730000000000001,0.1542
93CssslGZvc,0.12,0.09390000000000001,0.1775
93CssslGZvc,0.13,0.0718,0.21100000000000002
93CssslGZvc,0.14,0.07730000000000001,0.2459
93CssslGZvc,0.15,0.0608,0.27395
93CssslGZvc,0.16,0.07730000000000001,0.29495000000000005
93CssslGZvc,0.17,0.07730000000000001,0.307
93CssslGZvc,0.18,0.07730000000000001,0.30815000000000003
93CssslGZvc,0.19,0.07730000000000001,0.30815000000000003
93CssslGZvc,0.2,0.08839999999999999,0.3167
93CssslGZvc,0.21,0.09939999999999999,0.3339
93CssslGZvc,0.22,0.0608,0.35724999999999996
93CssslGZvc,0.23,0.0663,0.38539999999999996
93CssslGZvc,0.24,0.0718,0.41825
93CssslGZvc,0.25,0.0608,0.4582
93CssslGZvc,0.26,0.07730000000000001,0.5152
93CssslGZvc,0.27,0.07730000000000001,0.5932999999999999
93CssslGZvc,0.28,0.0663,0.66755
93CssslGZvc,0.29,0.0663,0.7117
93CssslGZvc,0.3,0.0663,0.73405
93CssslGZvc,0.31,0.07730000000000001,0.745
93CssslGZvc,0.32,0.09939999999999999,0.72435
93CssslGZvc,0.33,0.0608,0.6436999999999999
93CssslGZvc,0.34,0.0718,0.5144
93CssslGZvc,0.35,0.0663,0.3936
93CssslGZvc,0.36,0.0663,0.31225
93CssslGZvc,0.37,0.0663,0.26015
93CssslGZvc,0.38,0.0718,0.2277
93CssslGZvc,0.39,0.0663,0.2126
93CssslGZvc,0.4,0.0718,0.21389999999999998
93CssslGZvc,0.41,0.049699999999999994,0.23359999999999997
93CssslGZvc,0.42,0.0552,0.265
93CssslGZvc,0.43,0.0718,0.2796
93CssslGZvc,0.44,0.049699999999999994,0.2556
93CssslGZvc,0.45,0.044199999999999996,0.21089999999999998
93CssslGZvc,0.46,0.0387,0.17450000000000004
93CssslGZvc,0.47,0.0718,0.1531
93CssslGZvc,0.48,0.0387,0.14234999999999998
93CssslGZvc,0.49,0.0387,0.13975000000000004
93CssslGZvc,0.5,0.0387,0.14225
93CssslGZvc,0.51,0.044199999999999996,0.1478
93CssslGZvc,0.52,0.0387,0.1592
93CssslGZvc,0.53,0.0387,0.17979999999999996
93CssslGZvc,0.54,0.044199999999999996,0.2138
93CssslGZvc,0.55,0.0387,0.27205
93CssslGZvc,0.56,0.049699999999999994,0.344
93CssslGZvc,0.57,0.0663,0.38205
93CssslGZvc,0.58,0.0387,0.35609999999999997
93CssslGZvc,0.59,0.0331,0.29535
93CssslGZvc,0.6,0.0331,0.2502
93CssslGZvc,0.61,0.0276,0.2345
93CssslGZvc,0.62,0.0276,0.23854999999999998
93CssslGZvc,0.63,0.0276,0.25760000000000005
93CssslGZvc,0.64,0.0331,0.28545
93CssslGZvc,0.65,0.0331,0.31665
93CssslGZvc,0.66,0.0276,0.3527
93CssslGZvc,0.67,0.0276,0.39075
93CssslGZvc,0.68,0.0276,0.4238
93CssslGZvc,0.69,0.0387,0.4465
93CssslGZvc,0.7,0.0276,0.45885
93CssslGZvc,0.71,0.0276,0.46645000000000003
93CssslGZvc,0.72,0.0331,0.47215
93CssslGZvc,0.73,0.0387,0.47605
93CssslGZvc,0.74,0.0387,0.47855
93CssslGZvc,0.75,0.0331,0.48005
93CssslGZvc,0.76,0.0331,0.4814
93CssslGZvc,0.77,0.0276,0.4849
93CssslGZvc,0.78,0.0331,0.4903
93CssslGZvc,0.79,0.0331,0.4941
93CssslGZvc,0.8,0.0387,0.4975
93CssslGZvc,0.81,0.0387,0.50545
93CssslGZvc,0.82,0.0387,0.51695
93CssslGZvc,0.83,0.0387,0.52445
93CssslGZvc,0.84,0.0276,0.52995
93CssslGZvc,0.85,0.0276,0.5408
93CssslGZvc,0.86,0.0387,0.56195
93CssslGZvc,0.87,0.0276,0.60505
93CssslGZvc,0.88,0.0276,0.68625
93CssslGZvc,0.89,0.0331,0.7886
93CssslGZvc,0.9,0.044199999999999996,0.86195
93CssslGZvc,0.91,0.049699999999999994,0.89115
93CssslGZvc,0.92,0.0331,0.9016500000000001
93CssslGZvc,0.93,0.049699999999999994,0.91605
93CssslGZvc,0.94,0.0608,0.9335
93CssslGZvc,0.95,0.0552,0.94415
93CssslGZvc,0.96,0.0663,0.9454
93CssslGZvc,0.97,0.0608,0.94015
93CssslGZvc,0.98,0.0718,0.92645
93CssslGZvc,0.99,0.0718,0.8993500000000001
93CssslGZvc,1,0.049699999999999994,0.8688
