video,views,estimatedMinutesWatched,averageViewDuration,averageViewPercentage,subscribersGained,likes,comments,shares
Z2_z0HssrQo,62026,53298,118,21.9,222,1268,88,219
aec7VvfhHTc,13519,23477,138,11.6,3,71,14,7
isVEfRLvFiE,11635,36171,377,4.9,20,243,10,17
o9lUtQVCB24,5789,17685,394,5.38,14,258,13,18
Fe5DlqRh6pY,5765,18603,555,5.11,9,118,19,17
Rz6dxno88NY,5530,28801,692,1.6099999999999999,13,155,8,17
BcLpOEVh6C0,5429,969,21,78.05,4,638,39,13
Gj-LdVgTL74,3555,23147,976,10.15,3,119,5,7
yCI8ZCJ1Q2I,3392,504,17,71.37,1,234,10,3
J0iuzSLBRqY,3204,7640,346,5.49,2,111,15,4
Fv8HbB3_MkI,3006,2298,169,8.46,2,55,6,2
4HGNcxt7ZaQ,2648,2756,145,25.489999999999995,4,114,16,18
93CssslGZvc,2547,10949,730,5.74,5,98,4,4
t5OMOC4gqu0,2533,85,14,90.45,0,0,0,0
I9HHJV11umM,2460,101,20,128.83,0,0,0,0
OZn2xnHLFfM,2439,74,13,82.91,0,0,0,0
8JMyjpA_BAs,2305,79,17,109.37,0,0,0,0
BazFwnrnHww,2304,564,28,65.62,2,150,6,4
FBhXSruOoHk,2284,323,17,53.23,0,82,6,1
bwaS35fv0Ew,2258,10459,643,5.1,2,95,4,5
IeWAaD3ZTXw,2252,7695,456,6.21,3,122,7,9
vizWEvEJfCY,2148,10346,748,5.63,4,101,7,5
YO7lMaqjy1A,2103,4952,307,6.5,1,96,4,4
SsU-7flIg2g,1940,58,12,77.23,0,0,0,0
HuwZoWLdSOg,1883,8808,697,7.79,0,85,8,5
sJREVWUsDRY,1846,5161,440,5.32,1,87,6,8
BUiwu47RH84,1836,8670,746,7.090000000000001,1,91,6,7
FojCezLmHIc,1817,5028,453,4.15,1,76,4,2
-qVGyv02LnY,1580,448,26,52.75,2,86,12,3
gpemsZDlfQg,1516,198,24,36.11,0,35,6,2
0MNE_inIGXU,1449,270,34,73.62,0,44,10,1
lkYUxFZWVCc,1390,49,11,71.89,0,0,0,0
Mkn1AWEo6Oo,1371,108,22,27.65,0,46,8,1
m7MuBIjW1J0,1362,369,35,39.02,0,121,9,3
bN1-YXwOIsk,1235,1136,172,7.53,0,54,5,4
uIV_HWFfVYM,1128,138,16,34.66,0,35,4,1
CEObm9Fv9co,1049,249,30,42.69,3,82,9,2
BDWpYYEFpFs,959,241,22,26.3,0,40,3,0
AaA8RK9-Pf4,914,329,88,14.95,0,32,8,3
_IS-WqC1PUU,877,34,10,64.81,0,0,0,0
HYX2p_pChso,874,216,31,41.37,0,40,6,1
ZBMyaXUrOh0,820,115,9,4.75,0,2,0,0
zB61D7qZzdo,773,122,26,46.54,0,50,6,1
MK5YtrPMrWQ,622,127,28,37.78,0,56,10,2
ieY3qWWM314,585,72,20,26.150000000000002,0,41,5,1
9sO6n-KgZ5k,535,62,24,31.8,0,34,3,0
EwPqE-5nLbM,530,466,106,22.22,0,45,9,1
m6w5lUOnEfg,516,18,12,79.72,0,0,0,0
wlXMsIVql-c,497,13,8,53.6,0,0,0,0
fUPQosw2JW0,428,100,29,39.95,0,41,6,1
1QKPBfnii50,406,13,15,96.35,0,0,0,0
qfD7S1D5HQQ,318,90,38,51.76,0,38,5,1
5sS-bHl44-k,309,472,155,12.11,0,6,0,3
QdVynSyrIcM,293,51,18,69.25,0,10,0,0
Y9FWCHJXMmQ,293,138,139,18.06,0,1,0,0
dWer13yL5vY,249,38,22,83.15,0,21,0,0
7NptBkx71bw,229,676,275,4.2,0,8,2,0
GOOOkd1Np20,227,70,33,45.06,0,6,0,0
cQ45br1nmbE,207,529,232,3.39,0,2,0,0
e3V2mKMi0v8,196,27,17,56.84,0,10,0,1
SMtGC0WN1-Q,183,41,26,79.75,0,9,0,1
Qkk3TQ02G2c,157,49,41,67.17,0,4,1,0
wSn0V_nScDc,149,473,297,4.32,1,1,0,0
6u4Lubke8wA,147,51,39,44.74,0,7,1,0
h6NGgnN1lVI,128,47,24,17.4,0,-2,0,0
Uy8qspAN1-4,126,13,17,91.28,0,6,0,0
UYuNduGKAcg,113,249,191,2.97,0,1,1,0
WOsxqc0lHOE,101,28,39,45.36,0,10,1,0
b4fRpOjhps4,100,77,52,22.22,0,-2,0,0
44RhVFmoCBY,98,299,744,5.63,0,1,0,0
ytzUlPRWlvg,95,129,91,13.720000000000002,2,0,0,0
_iZ8WKT05n4,84,205,255,3.06,1,-1,0,0
82zoEnz4-zg,84,46,62,50.89,0,1,0,0
F12iWMn3y4U,81,37,46,25.009999999999998,0,-2,0,0
_xCx6Jz9xFk,78,16,23,48.18,0,1,0,0
IVb8eCoenvA,77,47,65,36.39,0,3,1,4
3_x1z9kE0a0,76,22,40,58.14,0,4,0,0
SfEDo8KcgQM,71,14,19,55.92,0,5,0,0
XXm1rDhe4cU,64,11,16,50.42,1,0,0,0
8pjiChb-v_k,57,850,927,33.36,0,14,8,0
rfBMtEDZIe4,55,418,598,5.06,0,1,0,0
o5VlC23cB8A,51,594,869,6.4,0,0,1,0
oNr54qhmwKM,51,10,37,48.23,0,2,0,0
RegXDUdwC5Q,50,11,16,11.93,0,0,0,0
S7dDVwtwx2E,50,37,61,42.69,0,3,0,0
TTGIga27YOc,49,10,14,6.3,0,-1,0,0
peoLeDo3AcI,48,24,47,2.25,0,0,0,0
60m3e8_maoQ,48,624,1011,8.77,0,0,0,0
eN0aAJt0Jb4,46,7,23,43.37,0,4,0,0
okOV_x3z7VE,45,1221,1666,40.33,0,8,1,0
Sb4rlh99kXQ,44,5,9,7.23,0,0,0,0
SzO7NHpPgXI,43,28,50,14.13,1,0,0,0
_zhX96GXfqY,42,6,20,0.38,0,0,0,0
C0gl3KtBTHI,42,18,55,40.86,0,5,0,0
bH3ljFsRSYo,41,74,135,17.25,0,3,0,0
azZwf021KNA,41,321,771,4.51,0,0,0,0
LFnDrLhLlsA,41,34,61,10.69,1,0,0,0
Ko9Y6Qqdj7U,40,270,578,6.94,0,1,0,0
HocDsZIXkcA,40,44,120,18.89,0,0,0,0
FhC156SPH5w,39,16,66,42.84,0,3,1,0
S6AxOvHmRRA,38,18,46,8.83,0,0,0,1
NPjr2vsf1vQ,38,8,28,32.93,0,1,0,0
L2ghjOALnjc,35,32,72,1.56,0,1,0,0
ocHo_MlfnzQ,34,177,759,6.460000000000001,0,0,0,0
ox8sNfzp2qw,33,38,78,13.23,0,3,0,0
vmIq_sZv0p4,32,173,578,2.79,0,0,0,0
ZKrUu2jYSsY,31,212,638,4.53,0,1,0,0
vuhCfdJS-5c,29,13,30,4.34,0,0,0,0
03CBKgkQOdU,29,4,24,11.05,1,0,0,0
NYn_KOvN7Kg,29,98,226,2.31,0,2,0,0
JQqvmoHffH4,28,19,45,14.67,0,0,0,0
3DHx6OdN22M,28,7,20,32.75,0,1,0,0
4oinOBJMCtw,28,3,24,68.59,0,0,0,0
f1wZN4HSJp8,28,82,248,22.2,0,0,0,1
X-wI4Tjye4M,27,29,79,7.23,0,0,0,0
uvBslvFBgN4,27,16,50,27.35,0,1,0,0
wzqnKK9CEW0,26,46,232,1.87,1,1,0,0
L9TFTxz1_HQ,26,39,124,25.34,0,0,0,0
FPGdnCHUKM8,25,4,32,49.37,0,3,0,0
s4tDxwPNxVA,25,43,185,31.59,0,-1,0,0
2y5fw6bp4eM,24,15,71,27.87,0,0,0,0
4Tr2C-Ge0P8,24,6,24,6.12,0,0,0,0
Bw78BuKT27Q,24,4,22,30.65,0,2,0,0
nj-_XmLFdhU,24,28,93,6.97,0,0,0,0
oxqPmjFKu0s,24,4035,10527,91.34,0,0,0,0
DXegdjJZGqc,24,124,324,3.73,0,0,1,0
Ef5uXB9CTro,23,362,1207,7.73,0,0,0,0
ZYTBtcsF2Zs,23,48,145,3.34,0,0,0,0
l0dMzE5vrRo,22,391,1305,12.4,0,0,0,0
2fZuWYmvgi4,22,670,3093,22.95,0,0,0,0
nNOgqvSzHj4,22,14,45,5.63,0,1,0,0
NuluxUrGR-k,21,13,45,23.94,0,0,0,0
2A45eH49ZTA,21,4,22,25,0,0,0,0
Y1Xwy3vq-zI,21,12,54,9.03,0,2,0,0
8wnVvw1z064,21,15,148,1.15,0,0,0,0
c4ye28cZsvo,21,411,1177,8.15,0,0,0,0
R5cvV1TLZ3A,21,290,870,23.71,0,0,0,0
0eAC1cqXHyc,21,5,28,28.98,0,0,0,0
v0kxcnRJgOE,20,259,914,7.24,0,0,0,0
DwgmQzn_D78,20,2,13,0.08,0,-1,0,0
ifPwuPxgyhU,20,111,515,16.37,0,0,0,0
NG7rH6Ow6lU,19,112,1122,9.13,0,0,0,0
FsrXChWbQEA,19,37,173,22.47,0,2,0,0
5ns5s6oZKZU,19,96,413,2.65,0,0,0,0
4Qosn3u1o_c,19,67,289,2.69,0,0,0,0
LX1nWJjn70I,19,19,82,5.66,0,0,0,0
EnGvtY3SE8A,19,178,563,3.4099999999999997,0,0,0,0
SDGtxEiPXxo,19,19,130,0.74,0,0,0,0
_XK9GH6Np_0,19,1300,4106,13.71,0,2,0,0
UGNEP2y7e-k,19,4,34,69.79,0,0,0,0
QC9unLt6_tM,18,12,49,9.01,0,0,0,0
Mop-_Fl0swU,18,21,109,1.28,0,0,0,0
m4ob4kiRXm8,18,4,18,79.15,0,-1,0,0
DhRw5AumQ-w,18,6,39,43.31,0,0,0,0
cZUazRw-eY0,18,3,16,76.47,0,1,0,0
vDV9UKUsFls,18,17,112,63.3,0,0,0,0
Fzk6MMXIuCw,18,2,13,55.57,0,1,0,0
WJRE2lN8wY8,18,3,18,48.21,0,0,0,0
z0GIG_DxYDI,17,12,91,1.16,0,1,0,0
nO1woXGWpxA,17,139,696,8.89,0,1,0,0
72fNxKp3nnI,17,4,38,43.2,0,1,0,0
MYL4fmfHjcU,17,9,82,46.55,0,0,0,0
W0ZTcrxMoCg,17,20,121,14.26,0,0,0,0
jf8-4OYuXNA,16,39,156,2,0,1,1,0
9ZVIARx1xoo,16,13,136,5.94,0,0,0,0
daC4Vk1JiWA,16,134,575,4.4,0,0,0,0
6rZiIrX4ntU,16,10,77,28.51,0,0,0,0
JRCYvAuH6Rk,16,15,63,20.13,0,-2,0,0
apyhq8FlMNU,16,25,152,22.31,0,1,0,0
N87X_nT7MfM,16,17,173,2.91,0,0,0,0
YoMi-H9pgmg,15,336,1344,9.59,0,0,0,0
iXBuOjxc4Dw,15,2,20,29.03,0,-2,0,0
MvvtRa2xUWI,15,111,478,2.93,0,1,0,0
y0fmpiYCKj0,15,5,33,34.86,0,0,0,0
X21KIj940QE,15,13,70,0.56,0,0,0,0
_VwrK4VWYD0,15,34,159,22.55,0,0,0,0
grXdpE2vNFo,15,198,2376,19.77,0,0,0,0
yVtG7nO85ZY,15,18,108,13.81,0,-1,0,0
8TIuLrYo0fE,15,52,242,7.960000000000001,0,0,0,0
Yy528Eu74nE,14,2,16,44.53,0,0,0,0
zBzvjSRD2bc,14,0,9,17.24,0,0,0,0
Dg_hPl3U_Tg,14,23,174,1.21,0,0,0,0
iv7bqmd5xOo,14,8,54,0.4699999999999999,0,0,0,0
T683lEpcom8,13,13,67,24.9,0,-1,0,0
bR4WB-77CZY,13,278,1287,7.829999999999999,0,0,0,0
JTd2VqZiJfw,13,1,8,79.02,0,0,0,0
Q6POOif5ybM,13,11,63,14.87,0,0,0,0
v0RlzHaaBSc,13,27,180,25.869999999999997,0,0,0,0
a_8TPCKsCeQ,13,18,99,1.32,0,1,0,0
IkWBgj5nDs0,13,17,147,32.89,0,0,0,0
upABhPV3gnQ,13,4,27,22.92,0,-1,0,0
Ki3aef8lGHQ,13,118,548,2.45,0,0,0,0
LVo0TP1YxTY,13,3,22,72.13,0,0,0,0
-7ejpIGDsUY,13,1,19,82.07,0,0,0,0
zrFK3DILZyY,13,1,12,41.67,0,0,0,0
VzFIsHLzGds,13,2,14,0.28,0,0,0,0
csgBLuMZDdA,12,4,21,9.71,0,-1,0,0
hi2LHgGkBrY,12,2,54,2.24,0,0,0,2
_otW9Vv56F8,12,19,99,0.75,0,0,0,0
ptR0wyypGoY,12,119,1021,9.52,0,1,0,0
